source,target,frequency
Willem Vasco-Pais,Willem Vasco-Pais,32
Willem Vasco-Pais,Benito Hawelon,2
Willem Vasco-Pais,Hennie Osvaldo,4
Willem Vasco-Pais,Linda Lagos,1
Willem Vasco-Pais,Mat Bramar,20
Willem Vasco-Pais,Linnea Bergen,3
Willem Vasco-Pais,Valeria Morlun,1
Willem Vasco-Pais,Isak Baza,3
Willem Vasco-Pais,Varja Lagos,2
Willem Vasco-Pais,Cornelia Lais,2
Willem Vasco-Pais,Anda Ribera,2
Willem Vasco-Pais,Bertrand Ovan,1
Willem Vasco-Pais,Birgitta Frente,1
Willem Vasco-Pais,Minke Mies,2
Willem Vasco-Pais,Ada Campo-Corrente,23
Willem Vasco-Pais,Felix Balas,1
Willem Vasco-Pais,Carla Forluniau,1
Willem Vasco-Pais,Lars Azada,3
Willem Vasco-Pais,Dante Coginian,2
Willem Vasco-Pais,Felix Resumir,3
Willem Vasco-Pais,Loreto Bodrogi,2
Willem Vasco-Pais,Vira Frente,1
Willem Vasco-Pais,Lucas Alcazar,3
Willem Vasco-Pais,Varro Awelon,2
Willem Vasco-Pais,Stenig Fusil,1
Willem Vasco-Pais,Isia Vann,1
Willem Vasco-Pais,Irene Nant,2
Willem Vasco-Pais,Isande Borrasca,3
Willem Vasco-Pais,Henk Mies,1
Willem Vasco-Pais,Sten Sanjorge Jr ,24
Willem Vasco-Pais,Claudio Hawelon,2
Willem Vasco-Pais,Gustav Cazar,2
Willem Vasco-Pais,Ruscella Mies Haber,11
Willem Vasco-Pais,Cecilia Morluniau,1
Willem Vasco-Pais,Rachel Pantanal,1
Willem Vasco-Pais,Emile Arpa,2
Willem Vasco-Pais,Hideki Cocinaro,2
Willem Vasco-Pais,Brand Tempestad,1
Willem Vasco-Pais,Adra Nubarron,4
Willem Vasco-Pais,Inga Ferro,7
Willem Vasco-Pais,Dylan Scozzese,2
Willem Vasco-Pais,Orhan Strum,26
Willem Vasco-Pais,Marin Onda,2
Willem Vasco-Pais,Lidelse Dedos,1
Willem Vasco-Pais,Kanon Herrero,2
Willem Vasco-Pais,Adan Morlun,2
Willem Vasco-Pais,Albina Hafon,1
Willem Vasco-Pais,Sven Flecha,1
Willem Vasco-Pais,Elsa Orilla,3
Willem Vasco-Pais,Nils Calixto,1
Willem Vasco-Pais,Edvard Vann,3
Willem Vasco-Pais,Ingrid Barranco,13
Willem Vasco-Pais,Kare Orilla,1
Willem Vasco-Pais,Axel Calzas,3
Benito Hawelon,Willem Vasco-Pais,2
Benito Hawelon,Benito Hawelon,26
Benito Hawelon,Hennie Osvaldo,4
Benito Hawelon,Linda Lagos,1
Benito Hawelon,Mat Bramar,20
Benito Hawelon,Linnea Bergen,3
Benito Hawelon,Valeria Morlun,12
Benito Hawelon,Isak Baza,3
Benito Hawelon,Varja Lagos,1
Benito Hawelon,Cornelia Lais,2
Benito Hawelon,Anda Ribera,2
Benito Hawelon,Bertrand Ovan,27
Benito Hawelon,Birgitta Frente,1
Benito Hawelon,Minke Mies,2
Benito Hawelon,Ada Campo-Corrente,3
Benito Hawelon,Felix Balas,1
Benito Hawelon,Carla Forluniau,1
Benito Hawelon,Lars Azada,3
Benito Hawelon,Dante Coginian,17
Benito Hawelon,Felix Resumir,8
Benito Hawelon,Loreto Bodrogi,2
Benito Hawelon,Vira Frente,1
Benito Hawelon,Lucas Alcazar,3
Benito Hawelon,Varro Awelon,13
Benito Hawelon,Stenig Fusil,1
Benito Hawelon,Isia Vann,1
Benito Hawelon,Irene Nant,12
Benito Hawelon,Isande Borrasca,3
Benito Hawelon,Henk Mies,35
Benito Hawelon,Sten Sanjorge Jr ,1
Benito Hawelon,Claudio Hawelon,19
Benito Hawelon,Gustav Cazar,2
Benito Hawelon,Ruscella Mies Haber,11
Benito Hawelon,Cecilia Morluniau,12
Benito Hawelon,Rachel Pantanal,1
Benito Hawelon,Emile Arpa,13
Benito Hawelon,Hideki Cocinaro,2
Benito Hawelon,Brand Tempestad,1
Benito Hawelon,Adra Nubarron,4
Benito Hawelon,Inga Ferro,3
Benito Hawelon,Dylan Scozzese,14
Benito Hawelon,Orhan Strum,1
Benito Hawelon,Marin Onda,2
Benito Hawelon,Lidelse Dedos,1
Benito Hawelon,Kanon Herrero,2
Benito Hawelon,Adan Morlun,17
Benito Hawelon,Albina Hafon,28
Benito Hawelon,Sven Flecha,1
Benito Hawelon,Elsa Orilla,8
Benito Hawelon,Nils Calixto,1
Benito Hawelon,Edvard Vann,3
Benito Hawelon,Ingrid Barranco,6
Benito Hawelon,Kare Orilla,2
Benito Hawelon,Axel Calzas,3
Hennie Osvaldo,Willem Vasco-Pais,4
Hennie Osvaldo,Benito Hawelon,4
Hennie Osvaldo,Hennie Osvaldo,18
Hennie Osvaldo,Linda Lagos,3
Hennie Osvaldo,Mat Bramar,22
Hennie Osvaldo,Linnea Bergen,8
Hennie Osvaldo,Valeria Morlun,3
Hennie Osvaldo,Isak Baza,5
Hennie Osvaldo,Varja Lagos,11
Hennie Osvaldo,Cornelia Lais,4
Hennie Osvaldo,Anda Ribera,4
Hennie Osvaldo,Bertrand Ovan,3
Hennie Osvaldo,Birgitta Frente,3
Hennie Osvaldo,Minke Mies,9
Hennie Osvaldo,Ada Campo-Corrente,5
Hennie Osvaldo,Felix Balas,5
Hennie Osvaldo,Carla Forluniau,3
Hennie Osvaldo,Lars Azada,5
Hennie Osvaldo,Dante Coginian,4
Hennie Osvaldo,Felix Resumir,11
Hennie Osvaldo,Loreto Bodrogi,13
Hennie Osvaldo,Vira Frente,3
Hennie Osvaldo,Lucas Alcazar,5
Hennie Osvaldo,Varro Awelon,4
Hennie Osvaldo,Stenig Fusil,15
Hennie Osvaldo,Isia Vann,13
Hennie Osvaldo,Irene Nant,4
Hennie Osvaldo,Isande Borrasca,5
Hennie Osvaldo,Henk Mies,3
Hennie Osvaldo,Sten Sanjorge Jr ,3
Hennie Osvaldo,Claudio Hawelon,4
Hennie Osvaldo,Gustav Cazar,4
Hennie Osvaldo,Ruscella Mies Haber,17
Hennie Osvaldo,Cecilia Morluniau,3
Hennie Osvaldo,Rachel Pantanal,7
Hennie Osvaldo,Emile Arpa,4
Hennie Osvaldo,Hideki Cocinaro,10
Hennie Osvaldo,Brand Tempestad,3
Hennie Osvaldo,Adra Nubarron,6
Hennie Osvaldo,Inga Ferro,14
Hennie Osvaldo,Dylan Scozzese,4
Hennie Osvaldo,Orhan Strum,3
Hennie Osvaldo,Marin Onda,4
Hennie Osvaldo,Lidelse Dedos,3
Hennie Osvaldo,Kanon Herrero,13
Hennie Osvaldo,Adan Morlun,4
Hennie Osvaldo,Albina Hafon,3
Hennie Osvaldo,Sven Flecha,3
Hennie Osvaldo,Elsa Orilla,5
Hennie Osvaldo,Nils Calixto,3
Hennie Osvaldo,Edvard Vann,11
Hennie Osvaldo,Ingrid Barranco,8
Hennie Osvaldo,Kare Orilla,3
Hennie Osvaldo,Axel Calzas,5
Linda Lagos,Willem Vasco-Pais,1
Linda Lagos,Benito Hawelon,1
Linda Lagos,Hennie Osvaldo,3
Linda Lagos,Linda Lagos,36
Linda Lagos,Mat Bramar,55
Linda Lagos,Linnea Bergen,2
Linda Lagos,Valeria Morlun,0
Linda Lagos,Isak Baza,2
Linda Lagos,Varja Lagos,0
Linda Lagos,Cornelia Lais,39
Linda Lagos,Anda Ribera,32
Linda Lagos,Bertrand Ovan,0
Linda Lagos,Birgitta Frente,0
Linda Lagos,Minke Mies,1
Linda Lagos,Ada Campo-Corrente,2
Linda Lagos,Felix Balas,0
Linda Lagos,Carla Forluniau,37
Linda Lagos,Lars Azada,2
Linda Lagos,Dante Coginian,1
Linda Lagos,Felix Resumir,2
Linda Lagos,Loreto Bodrogi,1
Linda Lagos,Vira Frente,2
Linda Lagos,Lucas Alcazar,2
Linda Lagos,Varro Awelon,1
Linda Lagos,Stenig Fusil,0
Linda Lagos,Isia Vann,0
Linda Lagos,Irene Nant,1
Linda Lagos,Isande Borrasca,2
Linda Lagos,Henk Mies,0
Linda Lagos,Sten Sanjorge Jr ,0
Linda Lagos,Claudio Hawelon,1
Linda Lagos,Gustav Cazar,1
Linda Lagos,Ruscella Mies Haber,42
Linda Lagos,Cecilia Morluniau,0
Linda Lagos,Rachel Pantanal,32
Linda Lagos,Emile Arpa,1
Linda Lagos,Hideki Cocinaro,1
Linda Lagos,Brand Tempestad,0
Linda Lagos,Adra Nubarron,3
Linda Lagos,Inga Ferro,2
Linda Lagos,Dylan Scozzese,1
Linda Lagos,Orhan Strum,0
Linda Lagos,Marin Onda,1
Linda Lagos,Lidelse Dedos,0
Linda Lagos,Kanon Herrero,1
Linda Lagos,Adan Morlun,1
Linda Lagos,Albina Hafon,0
Linda Lagos,Sven Flecha,0
Linda Lagos,Elsa Orilla,2
Linda Lagos,Nils Calixto,0
Linda Lagos,Edvard Vann,2
Linda Lagos,Ingrid Barranco,5
Linda Lagos,Kare Orilla,0
Linda Lagos,Axel Calzas,2
Mat Bramar,Willem Vasco-Pais,20
Mat Bramar,Benito Hawelon,20
Mat Bramar,Hennie Osvaldo,22
Mat Bramar,Linda Lagos,55
Mat Bramar,Mat Bramar,74
Mat Bramar,Linnea Bergen,21
Mat Bramar,Valeria Morlun,19
Mat Bramar,Isak Baza,21
Mat Bramar,Varja Lagos,19
Mat Bramar,Cornelia Lais,58
Mat Bramar,Anda Ribera,51
Mat Bramar,Bertrand Ovan,19
Mat Bramar,Birgitta Frente,19
Mat Bramar,Minke Mies,20
Mat Bramar,Ada Campo-Corrente,21
Mat Bramar,Felix Balas,19
Mat Bramar,Carla Forluniau,56
Mat Bramar,Lars Azada,21
Mat Bramar,Dante Coginian,22
Mat Bramar,Felix Resumir,21
Mat Bramar,Loreto Bodrogi,20
Mat Bramar,Vira Frente,19
Mat Bramar,Lucas Alcazar,21
Mat Bramar,Varro Awelon,26
Mat Bramar,Stenig Fusil,19
Mat Bramar,Isia Vann,19
Mat Bramar,Irene Nant,20
Mat Bramar,Isande Borrasca,21
Mat Bramar,Henk Mies,19
Mat Bramar,Sten Sanjorge Jr ,19
Mat Bramar,Claudio Hawelon,20
Mat Bramar,Gustav Cazar,20
Mat Bramar,Ruscella Mies Haber,61
Mat Bramar,Cecilia Morluniau,19
Mat Bramar,Rachel Pantanal,51
Mat Bramar,Emile Arpa,20
Mat Bramar,Hideki Cocinaro,20
Mat Bramar,Brand Tempestad,19
Mat Bramar,Adra Nubarron,22
Mat Bramar,Inga Ferro,21
Mat Bramar,Dylan Scozzese,20
Mat Bramar,Orhan Strum,19
Mat Bramar,Marin Onda,20
Mat Bramar,Lidelse Dedos,19
Mat Bramar,Kanon Herrero,20
Mat Bramar,Adan Morlun,20
Mat Bramar,Albina Hafon,19
Mat Bramar,Sven Flecha,19
Mat Bramar,Elsa Orilla,21
Mat Bramar,Nils Calixto,19
Mat Bramar,Edvard Vann,21
Mat Bramar,Ingrid Barranco,24
Mat Bramar,Kare Orilla,19
Mat Bramar,Axel Calzas,21
Linnea Bergen,Willem Vasco-Pais,3
Linnea Bergen,Benito Hawelon,3
Linnea Bergen,Hennie Osvaldo,8
Linnea Bergen,Linda Lagos,2
Linnea Bergen,Mat Bramar,21
Linnea Bergen,Linnea Bergen,4
Linnea Bergen,Valeria Morlun,2
Linnea Bergen,Isak Baza,4
Linnea Bergen,Varja Lagos,2
Linnea Bergen,Cornelia Lais,3
Linnea Bergen,Anda Ribera,3
Linnea Bergen,Bertrand Ovan,2
Linnea Bergen,Birgitta Frente,2
Linnea Bergen,Minke Mies,6
Linnea Bergen,Ada Campo-Corrente,4
Linnea Bergen,Felix Balas,2
Linnea Bergen,Carla Forluniau,2
Linnea Bergen,Lars Azada,4
Linnea Bergen,Dante Coginian,3
Linnea Bergen,Felix Resumir,4
Linnea Bergen,Loreto Bodrogi,6
Linnea Bergen,Vira Frente,2
Linnea Bergen,Lucas Alcazar,6
Linnea Bergen,Varro Awelon,3
Linnea Bergen,Stenig Fusil,2
Linnea Bergen,Isia Vann,5
Linnea Bergen,Irene Nant,3
Linnea Bergen,Isande Borrasca,4
Linnea Bergen,Henk Mies,2
Linnea Bergen,Sten Sanjorge Jr ,2
Linnea Bergen,Claudio Hawelon,6
Linnea Bergen,Gustav Cazar,3
Linnea Bergen,Ruscella Mies Haber,17
Linnea Bergen,Cecilia Morluniau,2
Linnea Bergen,Rachel Pantanal,4
Linnea Bergen,Emile Arpa,3
Linnea Bergen,Hideki Cocinaro,3
Linnea Bergen,Brand Tempestad,2
Linnea Bergen,Adra Nubarron,5
Linnea Bergen,Inga Ferro,7
Linnea Bergen,Dylan Scozzese,3
Linnea Bergen,Orhan Strum,2
Linnea Bergen,Marin Onda,3
Linnea Bergen,Lidelse Dedos,2
Linnea Bergen,Kanon Herrero,3
Linnea Bergen,Adan Morlun,3
Linnea Bergen,Albina Hafon,2
Linnea Bergen,Sven Flecha,2
Linnea Bergen,Elsa Orilla,4
Linnea Bergen,Nils Calixto,2
Linnea Bergen,Edvard Vann,4
Linnea Bergen,Ingrid Barranco,7
Linnea Bergen,Kare Orilla,2
Linnea Bergen,Axel Calzas,5
Valeria Morlun,Willem Vasco-Pais,1
Valeria Morlun,Benito Hawelon,12
Valeria Morlun,Hennie Osvaldo,3
Valeria Morlun,Linda Lagos,0
Valeria Morlun,Mat Bramar,19
Valeria Morlun,Linnea Bergen,2
Valeria Morlun,Valeria Morlun,14
Valeria Morlun,Isak Baza,2
Valeria Morlun,Varja Lagos,0
Valeria Morlun,Cornelia Lais,1
Valeria Morlun,Anda Ribera,4
Valeria Morlun,Bertrand Ovan,25
Valeria Morlun,Birgitta Frente,0
Valeria Morlun,Minke Mies,1
Valeria Morlun,Ada Campo-Corrente,2
Valeria Morlun,Felix Balas,0
Valeria Morlun,Carla Forluniau,0
Valeria Morlun,Lars Azada,2
Valeria Morlun,Dante Coginian,10
Valeria Morlun,Felix Resumir,2
Valeria Morlun,Loreto Bodrogi,1
Valeria Morlun,Vira Frente,0
Valeria Morlun,Lucas Alcazar,2
Valeria Morlun,Varro Awelon,11
Valeria Morlun,Stenig Fusil,1
Valeria Morlun,Isia Vann,0
Valeria Morlun,Irene Nant,5
Valeria Morlun,Isande Borrasca,2
Valeria Morlun,Henk Mies,21
Valeria Morlun,Sten Sanjorge Jr ,0
Valeria Morlun,Claudio Hawelon,16
Valeria Morlun,Gustav Cazar,1
Valeria Morlun,Ruscella Mies Haber,10
Valeria Morlun,Cecilia Morluniau,7
Valeria Morlun,Rachel Pantanal,0
Valeria Morlun,Emile Arpa,9
Valeria Morlun,Hideki Cocinaro,1
Valeria Morlun,Brand Tempestad,0
Valeria Morlun,Adra Nubarron,3
Valeria Morlun,Inga Ferro,2
Valeria Morlun,Dylan Scozzese,19
Valeria Morlun,Orhan Strum,0
Valeria Morlun,Marin Onda,1
Valeria Morlun,Lidelse Dedos,0
Valeria Morlun,Kanon Herrero,1
Valeria Morlun,Adan Morlun,15
Valeria Morlun,Albina Hafon,12
Valeria Morlun,Sven Flecha,0
Valeria Morlun,Elsa Orilla,2
Valeria Morlun,Nils Calixto,0
Valeria Morlun,Edvard Vann,2
Valeria Morlun,Ingrid Barranco,5
Valeria Morlun,Kare Orilla,0
Valeria Morlun,Axel Calzas,2
Isak Baza,Willem Vasco-Pais,3
Isak Baza,Benito Hawelon,3
Isak Baza,Hennie Osvaldo,5
Isak Baza,Linda Lagos,2
Isak Baza,Mat Bramar,21
Isak Baza,Linnea Bergen,4
Isak Baza,Valeria Morlun,2
Isak Baza,Isak Baza,92
Isak Baza,Varja Lagos,2
Isak Baza,Cornelia Lais,3
Isak Baza,Anda Ribera,3
Isak Baza,Bertrand Ovan,2
Isak Baza,Birgitta Frente,7
Isak Baza,Minke Mies,3
Isak Baza,Ada Campo-Corrente,4
Isak Baza,Felix Balas,2
Isak Baza,Carla Forluniau,2
Isak Baza,Lars Azada,4
Isak Baza,Dante Coginian,3
Isak Baza,Felix Resumir,4
Isak Baza,Loreto Bodrogi,3
Isak Baza,Vira Frente,2
Isak Baza,Lucas Alcazar,75
Isak Baza,Varro Awelon,3
Isak Baza,Stenig Fusil,2
Isak Baza,Isia Vann,2
Isak Baza,Irene Nant,3
Isak Baza,Isande Borrasca,4
Isak Baza,Henk Mies,2
Isak Baza,Sten Sanjorge Jr ,2
Isak Baza,Claudio Hawelon,3
Isak Baza,Gustav Cazar,3
Isak Baza,Ruscella Mies Haber,12
Isak Baza,Cecilia Morluniau,2
Isak Baza,Rachel Pantanal,2
Isak Baza,Emile Arpa,3
Isak Baza,Hideki Cocinaro,3
Isak Baza,Brand Tempestad,2
Isak Baza,Adra Nubarron,5
Isak Baza,Inga Ferro,4
Isak Baza,Dylan Scozzese,3
Isak Baza,Orhan Strum,2
Isak Baza,Marin Onda,3
Isak Baza,Lidelse Dedos,2
Isak Baza,Kanon Herrero,3
Isak Baza,Adan Morlun,3
Isak Baza,Albina Hafon,2
Isak Baza,Sven Flecha,57
Isak Baza,Elsa Orilla,4
Isak Baza,Nils Calixto,49
Isak Baza,Edvard Vann,4
Isak Baza,Ingrid Barranco,7
Isak Baza,Kare Orilla,2
Isak Baza,Axel Calzas,4
Varja Lagos,Willem Vasco-Pais,2
Varja Lagos,Benito Hawelon,1
Varja Lagos,Hennie Osvaldo,11
Varja Lagos,Linda Lagos,0
Varja Lagos,Mat Bramar,19
Varja Lagos,Linnea Bergen,2
Varja Lagos,Valeria Morlun,0
Varja Lagos,Isak Baza,2
Varja Lagos,Varja Lagos,18
Varja Lagos,Cornelia Lais,1
Varja Lagos,Anda Ribera,1
Varja Lagos,Bertrand Ovan,0
Varja Lagos,Birgitta Frente,0
Varja Lagos,Minke Mies,6
Varja Lagos,Ada Campo-Corrente,2
Varja Lagos,Felix Balas,1
Varja Lagos,Carla Forluniau,0
Varja Lagos,Lars Azada,2
Varja Lagos,Dante Coginian,1
Varja Lagos,Felix Resumir,8
Varja Lagos,Loreto Bodrogi,10
Varja Lagos,Vira Frente,0
Varja Lagos,Lucas Alcazar,2
Varja Lagos,Varro Awelon,1
Varja Lagos,Stenig Fusil,11
Varja Lagos,Isia Vann,8
Varja Lagos,Irene Nant,1
Varja Lagos,Isande Borrasca,2
Varja Lagos,Henk Mies,0
Varja Lagos,Sten Sanjorge Jr ,0
Varja Lagos,Claudio Hawelon,1
Varja Lagos,Gustav Cazar,1
Varja Lagos,Ruscella Mies Haber,10
Varja Lagos,Cecilia Morluniau,0
Varja Lagos,Rachel Pantanal,0
Varja Lagos,Emile Arpa,1
Varja Lagos,Hideki Cocinaro,11
Varja Lagos,Brand Tempestad,0
Varja Lagos,Adra Nubarron,3
Varja Lagos,Inga Ferro,9
Varja Lagos,Dylan Scozzese,1
Varja Lagos,Orhan Strum,0
Varja Lagos,Marin Onda,1
Varja Lagos,Lidelse Dedos,0
Varja Lagos,Kanon Herrero,10
Varja Lagos,Adan Morlun,1
Varja Lagos,Albina Hafon,0
Varja Lagos,Sven Flecha,0
Varja Lagos,Elsa Orilla,2
Varja Lagos,Nils Calixto,0
Varja Lagos,Edvard Vann,6
Varja Lagos,Ingrid Barranco,5
Varja Lagos,Kare Orilla,0
Varja Lagos,Axel Calzas,5
Cornelia Lais,Willem Vasco-Pais,2
Cornelia Lais,Benito Hawelon,2
Cornelia Lais,Hennie Osvaldo,4
Cornelia Lais,Linda Lagos,39
Cornelia Lais,Mat Bramar,58
Cornelia Lais,Linnea Bergen,3
Cornelia Lais,Valeria Morlun,1
Cornelia Lais,Isak Baza,3
Cornelia Lais,Varja Lagos,1
Cornelia Lais,Cornelia Lais,42
Cornelia Lais,Anda Ribera,41
Cornelia Lais,Bertrand Ovan,1
Cornelia Lais,Birgitta Frente,1
Cornelia Lais,Minke Mies,2
Cornelia Lais,Ada Campo-Corrente,3
Cornelia Lais,Felix Balas,1
Cornelia Lais,Carla Forluniau,40
Cornelia Lais,Lars Azada,3
Cornelia Lais,Dante Coginian,2
Cornelia Lais,Felix Resumir,3
Cornelia Lais,Loreto Bodrogi,2
Cornelia Lais,Vira Frente,1
Cornelia Lais,Lucas Alcazar,3
Cornelia Lais,Varro Awelon,2
Cornelia Lais,Stenig Fusil,1
Cornelia Lais,Isia Vann,1
Cornelia Lais,Irene Nant,2
Cornelia Lais,Isande Borrasca,3
Cornelia Lais,Henk Mies,1
Cornelia Lais,Sten Sanjorge Jr ,1
Cornelia Lais,Claudio Hawelon,2
Cornelia Lais,Gustav Cazar,2
Cornelia Lais,Ruscella Mies Haber,45
Cornelia Lais,Cecilia Morluniau,1
Cornelia Lais,Rachel Pantanal,35
Cornelia Lais,Emile Arpa,2
Cornelia Lais,Hideki Cocinaro,6
Cornelia Lais,Brand Tempestad,1
Cornelia Lais,Adra Nubarron,4
Cornelia Lais,Inga Ferro,3
Cornelia Lais,Dylan Scozzese,2
Cornelia Lais,Orhan Strum,1
Cornelia Lais,Marin Onda,2
Cornelia Lais,Lidelse Dedos,1
Cornelia Lais,Kanon Herrero,2
Cornelia Lais,Adan Morlun,2
Cornelia Lais,Albina Hafon,1
Cornelia Lais,Sven Flecha,1
Cornelia Lais,Elsa Orilla,3
Cornelia Lais,Nils Calixto,1
Cornelia Lais,Edvard Vann,3
Cornelia Lais,Ingrid Barranco,6
Cornelia Lais,Kare Orilla,1
Cornelia Lais,Axel Calzas,3
Anda Ribera,Willem Vasco-Pais,2
Anda Ribera,Benito Hawelon,2
Anda Ribera,Hennie Osvaldo,4
Anda Ribera,Linda Lagos,32
Anda Ribera,Mat Bramar,51
Anda Ribera,Linnea Bergen,3
Anda Ribera,Valeria Morlun,4
Anda Ribera,Isak Baza,3
Anda Ribera,Varja Lagos,1
Anda Ribera,Cornelia Lais,41
Anda Ribera,Anda Ribera,28
Anda Ribera,Bertrand Ovan,1
Anda Ribera,Birgitta Frente,1
Anda Ribera,Minke Mies,2
Anda Ribera,Ada Campo-Corrente,3
Anda Ribera,Felix Balas,1
Anda Ribera,Carla Forluniau,33
Anda Ribera,Lars Azada,7
Anda Ribera,Dante Coginian,2
Anda Ribera,Felix Resumir,3
Anda Ribera,Loreto Bodrogi,2
Anda Ribera,Vira Frente,1
Anda Ribera,Lucas Alcazar,3
Anda Ribera,Varro Awelon,2
Anda Ribera,Stenig Fusil,1
Anda Ribera,Isia Vann,1
Anda Ribera,Irene Nant,2
Anda Ribera,Isande Borrasca,3
Anda Ribera,Henk Mies,5
Anda Ribera,Sten Sanjorge Jr ,1
Anda Ribera,Claudio Hawelon,2
Anda Ribera,Gustav Cazar,5
Anda Ribera,Ruscella Mies Haber,38
Anda Ribera,Cecilia Morluniau,1
Anda Ribera,Rachel Pantanal,28
Anda Ribera,Emile Arpa,2
Anda Ribera,Hideki Cocinaro,2
Anda Ribera,Brand Tempestad,1
Anda Ribera,Adra Nubarron,4
Anda Ribera,Inga Ferro,3
Anda Ribera,Dylan Scozzese,2
Anda Ribera,Orhan Strum,1
Anda Ribera,Marin Onda,2
Anda Ribera,Lidelse Dedos,1
Anda Ribera,Kanon Herrero,2
Anda Ribera,Adan Morlun,2
Anda Ribera,Albina Hafon,1
Anda Ribera,Sven Flecha,1
Anda Ribera,Elsa Orilla,3
Anda Ribera,Nils Calixto,1
Anda Ribera,Edvard Vann,3
Anda Ribera,Ingrid Barranco,6
Anda Ribera,Kare Orilla,1
Anda Ribera,Axel Calzas,3
Bertrand Ovan,Willem Vasco-Pais,1
Bertrand Ovan,Benito Hawelon,27
Bertrand Ovan,Hennie Osvaldo,3
Bertrand Ovan,Linda Lagos,0
Bertrand Ovan,Mat Bramar,19
Bertrand Ovan,Linnea Bergen,2
Bertrand Ovan,Valeria Morlun,25
Bertrand Ovan,Isak Baza,2
Bertrand Ovan,Varja Lagos,0
Bertrand Ovan,Cornelia Lais,1
Bertrand Ovan,Anda Ribera,1
Bertrand Ovan,Bertrand Ovan,8
Bertrand Ovan,Birgitta Frente,0
Bertrand Ovan,Minke Mies,1
Bertrand Ovan,Ada Campo-Corrente,2
Bertrand Ovan,Felix Balas,0
Bertrand Ovan,Carla Forluniau,0
Bertrand Ovan,Lars Azada,2
Bertrand Ovan,Dante Coginian,27
Bertrand Ovan,Felix Resumir,2
Bertrand Ovan,Loreto Bodrogi,1
Bertrand Ovan,Vira Frente,0
Bertrand Ovan,Lucas Alcazar,2
Bertrand Ovan,Varro Awelon,25
Bertrand Ovan,Stenig Fusil,0
Bertrand Ovan,Isia Vann,0
Bertrand Ovan,Irene Nant,28
Bertrand Ovan,Isande Borrasca,2
Bertrand Ovan,Henk Mies,30
Bertrand Ovan,Sten Sanjorge Jr ,0
Bertrand Ovan,Claudio Hawelon,28
Bertrand Ovan,Gustav Cazar,1
Bertrand Ovan,Ruscella Mies Haber,10
Bertrand Ovan,Cecilia Morluniau,28
Bertrand Ovan,Rachel Pantanal,0
Bertrand Ovan,Emile Arpa,27
Bertrand Ovan,Hideki Cocinaro,1
Bertrand Ovan,Brand Tempestad,0
Bertrand Ovan,Adra Nubarron,3
Bertrand Ovan,Inga Ferro,2
Bertrand Ovan,Dylan Scozzese,27
Bertrand Ovan,Orhan Strum,0
Bertrand Ovan,Marin Onda,1
Bertrand Ovan,Lidelse Dedos,0
Bertrand Ovan,Kanon Herrero,1
Bertrand Ovan,Adan Morlun,27
Bertrand Ovan,Albina Hafon,29
Bertrand Ovan,Sven Flecha,0
Bertrand Ovan,Elsa Orilla,2
Bertrand Ovan,Nils Calixto,0
Bertrand Ovan,Edvard Vann,2
Bertrand Ovan,Ingrid Barranco,5
Bertrand Ovan,Kare Orilla,0
Bertrand Ovan,Axel Calzas,2
Birgitta Frente,Willem Vasco-Pais,1
Birgitta Frente,Benito Hawelon,1
Birgitta Frente,Hennie Osvaldo,3
Birgitta Frente,Linda Lagos,0
Birgitta Frente,Mat Bramar,19
Birgitta Frente,Linnea Bergen,2
Birgitta Frente,Valeria Morlun,0
Birgitta Frente,Isak Baza,7
Birgitta Frente,Varja Lagos,0
Birgitta Frente,Cornelia Lais,1
Birgitta Frente,Anda Ribera,1
Birgitta Frente,Bertrand Ovan,0
Birgitta Frente,Birgitta Frente,10
Birgitta Frente,Minke Mies,1
Birgitta Frente,Ada Campo-Corrente,2
Birgitta Frente,Felix Balas,8
Birgitta Frente,Carla Forluniau,0
Birgitta Frente,Lars Azada,12
Birgitta Frente,Dante Coginian,1
Birgitta Frente,Felix Resumir,2
Birgitta Frente,Loreto Bodrogi,1
Birgitta Frente,Vira Frente,4
Birgitta Frente,Lucas Alcazar,2
Birgitta Frente,Varro Awelon,1
Birgitta Frente,Stenig Fusil,0
Birgitta Frente,Isia Vann,0
Birgitta Frente,Irene Nant,1
Birgitta Frente,Isande Borrasca,10
Birgitta Frente,Henk Mies,0
Birgitta Frente,Sten Sanjorge Jr ,0
Birgitta Frente,Claudio Hawelon,1
Birgitta Frente,Gustav Cazar,7
Birgitta Frente,Ruscella Mies Haber,10
Birgitta Frente,Cecilia Morluniau,0
Birgitta Frente,Rachel Pantanal,0
Birgitta Frente,Emile Arpa,1
Birgitta Frente,Hideki Cocinaro,1
Birgitta Frente,Brand Tempestad,11
Birgitta Frente,Adra Nubarron,8
Birgitta Frente,Inga Ferro,2
Birgitta Frente,Dylan Scozzese,1
Birgitta Frente,Orhan Strum,0
Birgitta Frente,Marin Onda,6
Birgitta Frente,Lidelse Dedos,6
Birgitta Frente,Kanon Herrero,1
Birgitta Frente,Adan Morlun,1
Birgitta Frente,Albina Hafon,0
Birgitta Frente,Sven Flecha,0
Birgitta Frente,Elsa Orilla,13
Birgitta Frente,Nils Calixto,0
Birgitta Frente,Edvard Vann,2
Birgitta Frente,Ingrid Barranco,5
Birgitta Frente,Kare Orilla,5
Birgitta Frente,Axel Calzas,9
Minke Mies,Willem Vasco-Pais,2
Minke Mies,Benito Hawelon,2
Minke Mies,Hennie Osvaldo,9
Minke Mies,Linda Lagos,1
Minke Mies,Mat Bramar,20
Minke Mies,Linnea Bergen,6
Minke Mies,Valeria Morlun,1
Minke Mies,Isak Baza,3
Minke Mies,Varja Lagos,6
Minke Mies,Cornelia Lais,2
Minke Mies,Anda Ribera,2
Minke Mies,Bertrand Ovan,1
Minke Mies,Birgitta Frente,1
Minke Mies,Minke Mies,4
Minke Mies,Ada Campo-Corrente,3
Minke Mies,Felix Balas,1
Minke Mies,Carla Forluniau,1
Minke Mies,Lars Azada,3
Minke Mies,Dante Coginian,2
Minke Mies,Felix Resumir,5
Minke Mies,Loreto Bodrogi,7
Minke Mies,Vira Frente,7
Minke Mies,Lucas Alcazar,3
Minke Mies,Varro Awelon,2
Minke Mies,Stenig Fusil,7
Minke Mies,Isia Vann,4
Minke Mies,Irene Nant,2
Minke Mies,Isande Borrasca,3
Minke Mies,Henk Mies,1
Minke Mies,Sten Sanjorge Jr ,1
Minke Mies,Claudio Hawelon,2
Minke Mies,Gustav Cazar,2
Minke Mies,Ruscella Mies Haber,14
Minke Mies,Cecilia Morluniau,1
Minke Mies,Rachel Pantanal,1
Minke Mies,Emile Arpa,2
Minke Mies,Hideki Cocinaro,4
Minke Mies,Brand Tempestad,1
Minke Mies,Adra Nubarron,5
Minke Mies,Inga Ferro,16
Minke Mies,Dylan Scozzese,2
Minke Mies,Orhan Strum,1
Minke Mies,Marin Onda,2
Minke Mies,Lidelse Dedos,1
Minke Mies,Kanon Herrero,7
Minke Mies,Adan Morlun,2
Minke Mies,Albina Hafon,1
Minke Mies,Sven Flecha,1
Minke Mies,Elsa Orilla,3
Minke Mies,Nils Calixto,5
Minke Mies,Edvard Vann,7
Minke Mies,Ingrid Barranco,6
Minke Mies,Kare Orilla,1
Minke Mies,Axel Calzas,3
Ada Campo-Corrente,Willem Vasco-Pais,23
Ada Campo-Corrente,Benito Hawelon,3
Ada Campo-Corrente,Hennie Osvaldo,5
Ada Campo-Corrente,Linda Lagos,2
Ada Campo-Corrente,Mat Bramar,21
Ada Campo-Corrente,Linnea Bergen,4
Ada Campo-Corrente,Valeria Morlun,2
Ada Campo-Corrente,Isak Baza,4
Ada Campo-Corrente,Varja Lagos,2
Ada Campo-Corrente,Cornelia Lais,3
Ada Campo-Corrente,Anda Ribera,3
Ada Campo-Corrente,Bertrand Ovan,2
Ada Campo-Corrente,Birgitta Frente,2
Ada Campo-Corrente,Minke Mies,3
Ada Campo-Corrente,Ada Campo-Corrente,42
Ada Campo-Corrente,Felix Balas,2
Ada Campo-Corrente,Carla Forluniau,2
Ada Campo-Corrente,Lars Azada,4
Ada Campo-Corrente,Dante Coginian,3
Ada Campo-Corrente,Felix Resumir,8
Ada Campo-Corrente,Loreto Bodrogi,3
Ada Campo-Corrente,Vira Frente,2
Ada Campo-Corrente,Lucas Alcazar,4
Ada Campo-Corrente,Varro Awelon,3
Ada Campo-Corrente,Stenig Fusil,2
Ada Campo-Corrente,Isia Vann,2
Ada Campo-Corrente,Irene Nant,3
Ada Campo-Corrente,Isande Borrasca,4
Ada Campo-Corrente,Henk Mies,2
Ada Campo-Corrente,Sten Sanjorge Jr ,38
Ada Campo-Corrente,Claudio Hawelon,3
Ada Campo-Corrente,Gustav Cazar,3
Ada Campo-Corrente,Ruscella Mies Haber,14
Ada Campo-Corrente,Cecilia Morluniau,2
Ada Campo-Corrente,Rachel Pantanal,2
Ada Campo-Corrente,Emile Arpa,3
Ada Campo-Corrente,Hideki Cocinaro,3
Ada Campo-Corrente,Brand Tempestad,2
Ada Campo-Corrente,Adra Nubarron,5
Ada Campo-Corrente,Inga Ferro,4
Ada Campo-Corrente,Dylan Scozzese,3
Ada Campo-Corrente,Orhan Strum,17
Ada Campo-Corrente,Marin Onda,3
Ada Campo-Corrente,Lidelse Dedos,2
Ada Campo-Corrente,Kanon Herrero,3
Ada Campo-Corrente,Adan Morlun,3
Ada Campo-Corrente,Albina Hafon,2
Ada Campo-Corrente,Sven Flecha,2
Ada Campo-Corrente,Elsa Orilla,4
Ada Campo-Corrente,Nils Calixto,2
Ada Campo-Corrente,Edvard Vann,4
Ada Campo-Corrente,Ingrid Barranco,29
Ada Campo-Corrente,Kare Orilla,2
Ada Campo-Corrente,Axel Calzas,4
Felix Balas,Willem Vasco-Pais,1
Felix Balas,Benito Hawelon,1
Felix Balas,Hennie Osvaldo,5
Felix Balas,Linda Lagos,0
Felix Balas,Mat Bramar,19
Felix Balas,Linnea Bergen,2
Felix Balas,Valeria Morlun,0
Felix Balas,Isak Baza,2
Felix Balas,Varja Lagos,1
Felix Balas,Cornelia Lais,1
Felix Balas,Anda Ribera,1
Felix Balas,Bertrand Ovan,0
Felix Balas,Birgitta Frente,8
Felix Balas,Minke Mies,1
Felix Balas,Ada Campo-Corrente,2
Felix Balas,Felix Balas,18
Felix Balas,Carla Forluniau,4
Felix Balas,Lars Azada,14
Felix Balas,Dante Coginian,1
Felix Balas,Felix Resumir,2
Felix Balas,Loreto Bodrogi,1
Felix Balas,Vira Frente,8
Felix Balas,Lucas Alcazar,2
Felix Balas,Varro Awelon,1
Felix Balas,Stenig Fusil,0
Felix Balas,Isia Vann,0
Felix Balas,Irene Nant,1
Felix Balas,Isande Borrasca,13
Felix Balas,Henk Mies,0
Felix Balas,Sten Sanjorge Jr ,0
Felix Balas,Claudio Hawelon,1
Felix Balas,Gustav Cazar,7
Felix Balas,Ruscella Mies Haber,10
Felix Balas,Cecilia Morluniau,0
Felix Balas,Rachel Pantanal,0
Felix Balas,Emile Arpa,1
Felix Balas,Hideki Cocinaro,1
Felix Balas,Brand Tempestad,13
Felix Balas,Adra Nubarron,14
Felix Balas,Inga Ferro,2
Felix Balas,Dylan Scozzese,1
Felix Balas,Orhan Strum,0
Felix Balas,Marin Onda,10
Felix Balas,Lidelse Dedos,11
Felix Balas,Kanon Herrero,1
Felix Balas,Adan Morlun,1
Felix Balas,Albina Hafon,0
Felix Balas,Sven Flecha,0
Felix Balas,Elsa Orilla,12
Felix Balas,Nils Calixto,0
Felix Balas,Edvard Vann,2
Felix Balas,Ingrid Barranco,5
Felix Balas,Kare Orilla,10
Felix Balas,Axel Calzas,13
Carla Forluniau,Willem Vasco-Pais,1
Carla Forluniau,Benito Hawelon,1
Carla Forluniau,Hennie Osvaldo,3
Carla Forluniau,Linda Lagos,37
Carla Forluniau,Mat Bramar,56
Carla Forluniau,Linnea Bergen,2
Carla Forluniau,Valeria Morlun,0
Carla Forluniau,Isak Baza,2
Carla Forluniau,Varja Lagos,0
Carla Forluniau,Cornelia Lais,40
Carla Forluniau,Anda Ribera,33
Carla Forluniau,Bertrand Ovan,0
Carla Forluniau,Birgitta Frente,0
Carla Forluniau,Minke Mies,1
Carla Forluniau,Ada Campo-Corrente,2
Carla Forluniau,Felix Balas,4
Carla Forluniau,Carla Forluniau,38
Carla Forluniau,Lars Azada,2
Carla Forluniau,Dante Coginian,1
Carla Forluniau,Felix Resumir,2
Carla Forluniau,Loreto Bodrogi,1
Carla Forluniau,Vira Frente,0
Carla Forluniau,Lucas Alcazar,2
Carla Forluniau,Varro Awelon,6
Carla Forluniau,Stenig Fusil,0
Carla Forluniau,Isia Vann,0
Carla Forluniau,Irene Nant,2
Carla Forluniau,Isande Borrasca,2
Carla Forluniau,Henk Mies,0
Carla Forluniau,Sten Sanjorge Jr ,0
Carla Forluniau,Claudio Hawelon,1
Carla Forluniau,Gustav Cazar,1
Carla Forluniau,Ruscella Mies Haber,43
Carla Forluniau,Cecilia Morluniau,0
Carla Forluniau,Rachel Pantanal,33
Carla Forluniau,Emile Arpa,1
Carla Forluniau,Hideki Cocinaro,1
Carla Forluniau,Brand Tempestad,0
Carla Forluniau,Adra Nubarron,3
Carla Forluniau,Inga Ferro,2
Carla Forluniau,Dylan Scozzese,1
Carla Forluniau,Orhan Strum,0
Carla Forluniau,Marin Onda,1
Carla Forluniau,Lidelse Dedos,0
Carla Forluniau,Kanon Herrero,1
Carla Forluniau,Adan Morlun,1
Carla Forluniau,Albina Hafon,0
Carla Forluniau,Sven Flecha,0
Carla Forluniau,Elsa Orilla,2
Carla Forluniau,Nils Calixto,0
Carla Forluniau,Edvard Vann,2
Carla Forluniau,Ingrid Barranco,5
Carla Forluniau,Kare Orilla,0
Carla Forluniau,Axel Calzas,2
Lars Azada,Willem Vasco-Pais,3
Lars Azada,Benito Hawelon,3
Lars Azada,Hennie Osvaldo,5
Lars Azada,Linda Lagos,2
Lars Azada,Mat Bramar,21
Lars Azada,Linnea Bergen,4
Lars Azada,Valeria Morlun,2
Lars Azada,Isak Baza,4
Lars Azada,Varja Lagos,2
Lars Azada,Cornelia Lais,3
Lars Azada,Anda Ribera,7
Lars Azada,Bertrand Ovan,2
Lars Azada,Birgitta Frente,12
Lars Azada,Minke Mies,3
Lars Azada,Ada Campo-Corrente,4
Lars Azada,Felix Balas,14
Lars Azada,Carla Forluniau,2
Lars Azada,Lars Azada,36
Lars Azada,Dante Coginian,3
Lars Azada,Felix Resumir,4
Lars Azada,Loreto Bodrogi,3
Lars Azada,Vira Frente,12
Lars Azada,Lucas Alcazar,4
Lars Azada,Varro Awelon,3
Lars Azada,Stenig Fusil,2
Lars Azada,Isia Vann,2
Lars Azada,Irene Nant,3
Lars Azada,Isande Borrasca,14
Lars Azada,Henk Mies,2
Lars Azada,Sten Sanjorge Jr ,2
Lars Azada,Claudio Hawelon,3
Lars Azada,Gustav Cazar,13
Lars Azada,Ruscella Mies Haber,12
Lars Azada,Cecilia Morluniau,2
Lars Azada,Rachel Pantanal,2
Lars Azada,Emile Arpa,3
Lars Azada,Hideki Cocinaro,3
Lars Azada,Brand Tempestad,18
Lars Azada,Adra Nubarron,17
Lars Azada,Inga Ferro,4
Lars Azada,Dylan Scozzese,3
Lars Azada,Orhan Strum,2
Lars Azada,Marin Onda,10
Lars Azada,Lidelse Dedos,19
Lars Azada,Kanon Herrero,3
Lars Azada,Adan Morlun,3
Lars Azada,Albina Hafon,2
Lars Azada,Sven Flecha,2
Lars Azada,Elsa Orilla,21
Lars Azada,Nils Calixto,2
Lars Azada,Edvard Vann,4
Lars Azada,Ingrid Barranco,7
Lars Azada,Kare Orilla,10
Lars Azada,Axel Calzas,26
Dante Coginian,Willem Vasco-Pais,2
Dante Coginian,Benito Hawelon,17
Dante Coginian,Hennie Osvaldo,4
Dante Coginian,Linda Lagos,1
Dante Coginian,Mat Bramar,22
Dante Coginian,Linnea Bergen,3
Dante Coginian,Valeria Morlun,10
Dante Coginian,Isak Baza,3
Dante Coginian,Varja Lagos,1
Dante Coginian,Cornelia Lais,2
Dante Coginian,Anda Ribera,2
Dante Coginian,Bertrand Ovan,27
Dante Coginian,Birgitta Frente,1
Dante Coginian,Minke Mies,2
Dante Coginian,Ada Campo-Corrente,3
Dante Coginian,Felix Balas,1
Dante Coginian,Carla Forluniau,1
Dante Coginian,Lars Azada,3
Dante Coginian,Dante Coginian,16
Dante Coginian,Felix Resumir,6
Dante Coginian,Loreto Bodrogi,2
Dante Coginian,Vira Frente,1
Dante Coginian,Lucas Alcazar,6
Dante Coginian,Varro Awelon,12
Dante Coginian,Stenig Fusil,1
Dante Coginian,Isia Vann,1
Dante Coginian,Irene Nant,13
Dante Coginian,Isande Borrasca,3
Dante Coginian,Henk Mies,21
Dante Coginian,Sten Sanjorge Jr ,1
Dante Coginian,Claudio Hawelon,14
Dante Coginian,Gustav Cazar,2
Dante Coginian,Ruscella Mies Haber,11
Dante Coginian,Cecilia Morluniau,10
Dante Coginian,Rachel Pantanal,1
Dante Coginian,Emile Arpa,12
Dante Coginian,Hideki Cocinaro,7
Dante Coginian,Brand Tempestad,1
Dante Coginian,Adra Nubarron,4
Dante Coginian,Inga Ferro,3
Dante Coginian,Dylan Scozzese,16
Dante Coginian,Orhan Strum,1
Dante Coginian,Marin Onda,2
Dante Coginian,Lidelse Dedos,1
Dante Coginian,Kanon Herrero,2
Dante Coginian,Adan Morlun,19
Dante Coginian,Albina Hafon,13
Dante Coginian,Sven Flecha,1
Dante Coginian,Elsa Orilla,3
Dante Coginian,Nils Calixto,1
Dante Coginian,Edvard Vann,3
Dante Coginian,Ingrid Barranco,6
Dante Coginian,Kare Orilla,1
Dante Coginian,Axel Calzas,3
Felix Resumir,Willem Vasco-Pais,3
Felix Resumir,Benito Hawelon,8
Felix Resumir,Hennie Osvaldo,11
Felix Resumir,Linda Lagos,2
Felix Resumir,Mat Bramar,21
Felix Resumir,Linnea Bergen,4
Felix Resumir,Valeria Morlun,2
Felix Resumir,Isak Baza,4
Felix Resumir,Varja Lagos,8
Felix Resumir,Cornelia Lais,3
Felix Resumir,Anda Ribera,3
Felix Resumir,Bertrand Ovan,2
Felix Resumir,Birgitta Frente,2
Felix Resumir,Minke Mies,5
Felix Resumir,Ada Campo-Corrente,8
Felix Resumir,Felix Balas,2
Felix Resumir,Carla Forluniau,2
Felix Resumir,Lars Azada,4
Felix Resumir,Dante Coginian,6
Felix Resumir,Felix Resumir,10
Felix Resumir,Loreto Bodrogi,6
Felix Resumir,Vira Frente,2
Felix Resumir,Lucas Alcazar,4
Felix Resumir,Varro Awelon,3
Felix Resumir,Stenig Fusil,12
Felix Resumir,Isia Vann,3
Felix Resumir,Irene Nant,3
Felix Resumir,Isande Borrasca,4
Felix Resumir,Henk Mies,2
Felix Resumir,Sten Sanjorge Jr ,2
Felix Resumir,Claudio Hawelon,3
Felix Resumir,Gustav Cazar,3
Felix Resumir,Ruscella Mies Haber,12
Felix Resumir,Cecilia Morluniau,2
Felix Resumir,Rachel Pantanal,2
Felix Resumir,Emile Arpa,3
Felix Resumir,Hideki Cocinaro,6
Felix Resumir,Brand Tempestad,2
Felix Resumir,Adra Nubarron,5
Felix Resumir,Inga Ferro,7
Felix Resumir,Dylan Scozzese,3
Felix Resumir,Orhan Strum,2
Felix Resumir,Marin Onda,3
Felix Resumir,Lidelse Dedos,2
Felix Resumir,Kanon Herrero,9
Felix Resumir,Adan Morlun,3
Felix Resumir,Albina Hafon,2
Felix Resumir,Sven Flecha,2
Felix Resumir,Elsa Orilla,4
Felix Resumir,Nils Calixto,2
Felix Resumir,Edvard Vann,11
Felix Resumir,Ingrid Barranco,7
Felix Resumir,Kare Orilla,2
Felix Resumir,Axel Calzas,4
Loreto Bodrogi,Willem Vasco-Pais,2
Loreto Bodrogi,Benito Hawelon,2
Loreto Bodrogi,Hennie Osvaldo,13
Loreto Bodrogi,Linda Lagos,1
Loreto Bodrogi,Mat Bramar,20
Loreto Bodrogi,Linnea Bergen,6
Loreto Bodrogi,Valeria Morlun,1
Loreto Bodrogi,Isak Baza,3
Loreto Bodrogi,Varja Lagos,10
Loreto Bodrogi,Cornelia Lais,2
Loreto Bodrogi,Anda Ribera,2
Loreto Bodrogi,Bertrand Ovan,1
Loreto Bodrogi,Birgitta Frente,1
Loreto Bodrogi,Minke Mies,7
Loreto Bodrogi,Ada Campo-Corrente,3
Loreto Bodrogi,Felix Balas,1
Loreto Bodrogi,Carla Forluniau,1
Loreto Bodrogi,Lars Azada,3
Loreto Bodrogi,Dante Coginian,2
Loreto Bodrogi,Felix Resumir,6
Loreto Bodrogi,Loreto Bodrogi,12
Loreto Bodrogi,Vira Frente,1
Loreto Bodrogi,Lucas Alcazar,3
Loreto Bodrogi,Varro Awelon,2
Loreto Bodrogi,Stenig Fusil,9
Loreto Bodrogi,Isia Vann,8
Loreto Bodrogi,Irene Nant,2
Loreto Bodrogi,Isande Borrasca,3
Loreto Bodrogi,Henk Mies,1
Loreto Bodrogi,Sten Sanjorge Jr ,1
Loreto Bodrogi,Claudio Hawelon,2
Loreto Bodrogi,Gustav Cazar,2
Loreto Bodrogi,Ruscella Mies Haber,14
Loreto Bodrogi,Cecilia Morluniau,1
Loreto Bodrogi,Rachel Pantanal,1
Loreto Bodrogi,Emile Arpa,2
Loreto Bodrogi,Hideki Cocinaro,4
Loreto Bodrogi,Brand Tempestad,1
Loreto Bodrogi,Adra Nubarron,4
Loreto Bodrogi,Inga Ferro,13
Loreto Bodrogi,Dylan Scozzese,2
Loreto Bodrogi,Orhan Strum,1
Loreto Bodrogi,Marin Onda,2
Loreto Bodrogi,Lidelse Dedos,1
Loreto Bodrogi,Kanon Herrero,6
Loreto Bodrogi,Adan Morlun,2
Loreto Bodrogi,Albina Hafon,1
Loreto Bodrogi,Sven Flecha,1
Loreto Bodrogi,Elsa Orilla,3
Loreto Bodrogi,Nils Calixto,1
Loreto Bodrogi,Edvard Vann,7
Loreto Bodrogi,Ingrid Barranco,11
Loreto Bodrogi,Kare Orilla,1
Loreto Bodrogi,Axel Calzas,3
Vira Frente,Willem Vasco-Pais,1
Vira Frente,Benito Hawelon,1
Vira Frente,Hennie Osvaldo,3
Vira Frente,Linda Lagos,2
Vira Frente,Mat Bramar,19
Vira Frente,Linnea Bergen,2
Vira Frente,Valeria Morlun,0
Vira Frente,Isak Baza,2
Vira Frente,Varja Lagos,0
Vira Frente,Cornelia Lais,1
Vira Frente,Anda Ribera,1
Vira Frente,Bertrand Ovan,0
Vira Frente,Birgitta Frente,4
Vira Frente,Minke Mies,7
Vira Frente,Ada Campo-Corrente,2
Vira Frente,Felix Balas,8
Vira Frente,Carla Forluniau,0
Vira Frente,Lars Azada,12
Vira Frente,Dante Coginian,1
Vira Frente,Felix Resumir,2
Vira Frente,Loreto Bodrogi,1
Vira Frente,Vira Frente,20
Vira Frente,Lucas Alcazar,2
Vira Frente,Varro Awelon,1
Vira Frente,Stenig Fusil,4
Vira Frente,Isia Vann,0
Vira Frente,Irene Nant,1
Vira Frente,Isande Borrasca,11
Vira Frente,Henk Mies,0
Vira Frente,Sten Sanjorge Jr ,0
Vira Frente,Claudio Hawelon,1
Vira Frente,Gustav Cazar,9
Vira Frente,Ruscella Mies Haber,10
Vira Frente,Cecilia Morluniau,0
Vira Frente,Rachel Pantanal,0
Vira Frente,Emile Arpa,1
Vira Frente,Hideki Cocinaro,1
Vira Frente,Brand Tempestad,12
Vira Frente,Adra Nubarron,8
Vira Frente,Inga Ferro,2
Vira Frente,Dylan Scozzese,1
Vira Frente,Orhan Strum,0
Vira Frente,Marin Onda,13
Vira Frente,Lidelse Dedos,10
Vira Frente,Kanon Herrero,1
Vira Frente,Adan Morlun,1
Vira Frente,Albina Hafon,0
Vira Frente,Sven Flecha,0
Vira Frente,Elsa Orilla,16
Vira Frente,Nils Calixto,0
Vira Frente,Edvard Vann,2
Vira Frente,Ingrid Barranco,5
Vira Frente,Kare Orilla,8
Vira Frente,Axel Calzas,19
Lucas Alcazar,Willem Vasco-Pais,3
Lucas Alcazar,Benito Hawelon,3
Lucas Alcazar,Hennie Osvaldo,5
Lucas Alcazar,Linda Lagos,2
Lucas Alcazar,Mat Bramar,21
Lucas Alcazar,Linnea Bergen,6
Lucas Alcazar,Valeria Morlun,2
Lucas Alcazar,Isak Baza,75
Lucas Alcazar,Varja Lagos,2
Lucas Alcazar,Cornelia Lais,3
Lucas Alcazar,Anda Ribera,3
Lucas Alcazar,Bertrand Ovan,2
Lucas Alcazar,Birgitta Frente,2
Lucas Alcazar,Minke Mies,3
Lucas Alcazar,Ada Campo-Corrente,4
Lucas Alcazar,Felix Balas,2
Lucas Alcazar,Carla Forluniau,2
Lucas Alcazar,Lars Azada,4
Lucas Alcazar,Dante Coginian,6
Lucas Alcazar,Felix Resumir,4
Lucas Alcazar,Loreto Bodrogi,3
Lucas Alcazar,Vira Frente,2
Lucas Alcazar,Lucas Alcazar,100
Lucas Alcazar,Varro Awelon,3
Lucas Alcazar,Stenig Fusil,2
Lucas Alcazar,Isia Vann,2
Lucas Alcazar,Irene Nant,3
Lucas Alcazar,Isande Borrasca,4
Lucas Alcazar,Henk Mies,2
Lucas Alcazar,Sten Sanjorge Jr ,2
Lucas Alcazar,Claudio Hawelon,3
Lucas Alcazar,Gustav Cazar,3
Lucas Alcazar,Ruscella Mies Haber,12
Lucas Alcazar,Cecilia Morluniau,2
Lucas Alcazar,Rachel Pantanal,2
Lucas Alcazar,Emile Arpa,7
Lucas Alcazar,Hideki Cocinaro,3
Lucas Alcazar,Brand Tempestad,2
Lucas Alcazar,Adra Nubarron,5
Lucas Alcazar,Inga Ferro,4
Lucas Alcazar,Dylan Scozzese,3
Lucas Alcazar,Orhan Strum,2
Lucas Alcazar,Marin Onda,3
Lucas Alcazar,Lidelse Dedos,2
Lucas Alcazar,Kanon Herrero,3
Lucas Alcazar,Adan Morlun,3
Lucas Alcazar,Albina Hafon,2
Lucas Alcazar,Sven Flecha,52
Lucas Alcazar,Elsa Orilla,4
Lucas Alcazar,Nils Calixto,55
Lucas Alcazar,Edvard Vann,4
Lucas Alcazar,Ingrid Barranco,7
Lucas Alcazar,Kare Orilla,2
Lucas Alcazar,Axel Calzas,4
Varro Awelon,Willem Vasco-Pais,2
Varro Awelon,Benito Hawelon,13
Varro Awelon,Hennie Osvaldo,4
Varro Awelon,Linda Lagos,1
Varro Awelon,Mat Bramar,26
Varro Awelon,Linnea Bergen,3
Varro Awelon,Valeria Morlun,11
Varro Awelon,Isak Baza,3
Varro Awelon,Varja Lagos,1
Varro Awelon,Cornelia Lais,2
Varro Awelon,Anda Ribera,2
Varro Awelon,Bertrand Ovan,25
Varro Awelon,Birgitta Frente,1
Varro Awelon,Minke Mies,2
Varro Awelon,Ada Campo-Corrente,3
Varro Awelon,Felix Balas,1
Varro Awelon,Carla Forluniau,6
Varro Awelon,Lars Azada,3
Varro Awelon,Dante Coginian,12
Varro Awelon,Felix Resumir,3
Varro Awelon,Loreto Bodrogi,2
Varro Awelon,Vira Frente,1
Varro Awelon,Lucas Alcazar,3
Varro Awelon,Varro Awelon,16
Varro Awelon,Stenig Fusil,1
Varro Awelon,Isia Vann,1
Varro Awelon,Irene Nant,11
Varro Awelon,Isande Borrasca,3
Varro Awelon,Henk Mies,17
Varro Awelon,Sten Sanjorge Jr ,1
Varro Awelon,Claudio Hawelon,15
Varro Awelon,Gustav Cazar,2
Varro Awelon,Ruscella Mies Haber,11
Varro Awelon,Cecilia Morluniau,9
Varro Awelon,Rachel Pantanal,1
Varro Awelon,Emile Arpa,8
Varro Awelon,Hideki Cocinaro,2
Varro Awelon,Brand Tempestad,1
Varro Awelon,Adra Nubarron,4
Varro Awelon,Inga Ferro,3
Varro Awelon,Dylan Scozzese,11
Varro Awelon,Orhan Strum,1
Varro Awelon,Marin Onda,2
Varro Awelon,Lidelse Dedos,1
Varro Awelon,Kanon Herrero,2
Varro Awelon,Adan Morlun,12
Varro Awelon,Albina Hafon,12
Varro Awelon,Sven Flecha,1
Varro Awelon,Elsa Orilla,3
Varro Awelon,Nils Calixto,1
Varro Awelon,Edvard Vann,3
Varro Awelon,Ingrid Barranco,6
Varro Awelon,Kare Orilla,1
Varro Awelon,Axel Calzas,3
Stenig Fusil,Willem Vasco-Pais,1
Stenig Fusil,Benito Hawelon,1
Stenig Fusil,Hennie Osvaldo,15
Stenig Fusil,Linda Lagos,0
Stenig Fusil,Mat Bramar,19
Stenig Fusil,Linnea Bergen,2
Stenig Fusil,Valeria Morlun,1
Stenig Fusil,Isak Baza,2
Stenig Fusil,Varja Lagos,11
Stenig Fusil,Cornelia Lais,1
Stenig Fusil,Anda Ribera,1
Stenig Fusil,Bertrand Ovan,0
Stenig Fusil,Birgitta Frente,0
Stenig Fusil,Minke Mies,7
Stenig Fusil,Ada Campo-Corrente,2
Stenig Fusil,Felix Balas,0
Stenig Fusil,Carla Forluniau,0
Stenig Fusil,Lars Azada,2
Stenig Fusil,Dante Coginian,1
Stenig Fusil,Felix Resumir,12
Stenig Fusil,Loreto Bodrogi,9
Stenig Fusil,Vira Frente,4
Stenig Fusil,Lucas Alcazar,2
Stenig Fusil,Varro Awelon,1
Stenig Fusil,Stenig Fusil,24
Stenig Fusil,Isia Vann,7
Stenig Fusil,Irene Nant,1
Stenig Fusil,Isande Borrasca,2
Stenig Fusil,Henk Mies,0
Stenig Fusil,Sten Sanjorge Jr ,0
Stenig Fusil,Claudio Hawelon,1
Stenig Fusil,Gustav Cazar,1
Stenig Fusil,Ruscella Mies Haber,10
Stenig Fusil,Cecilia Morluniau,0
Stenig Fusil,Rachel Pantanal,0
Stenig Fusil,Emile Arpa,1
Stenig Fusil,Hideki Cocinaro,11
Stenig Fusil,Brand Tempestad,0
Stenig Fusil,Adra Nubarron,3
Stenig Fusil,Inga Ferro,7
Stenig Fusil,Dylan Scozzese,1
Stenig Fusil,Orhan Strum,2
Stenig Fusil,Marin Onda,1
Stenig Fusil,Lidelse Dedos,0
Stenig Fusil,Kanon Herrero,8
Stenig Fusil,Adan Morlun,1
Stenig Fusil,Albina Hafon,0
Stenig Fusil,Sven Flecha,0
Stenig Fusil,Elsa Orilla,2
Stenig Fusil,Nils Calixto,0
Stenig Fusil,Edvard Vann,7
Stenig Fusil,Ingrid Barranco,5
Stenig Fusil,Kare Orilla,0
Stenig Fusil,Axel Calzas,2
Isia Vann,Willem Vasco-Pais,1
Isia Vann,Benito Hawelon,1
Isia Vann,Hennie Osvaldo,13
Isia Vann,Linda Lagos,0
Isia Vann,Mat Bramar,19
Isia Vann,Linnea Bergen,5
Isia Vann,Valeria Morlun,0
Isia Vann,Isak Baza,2
Isia Vann,Varja Lagos,8
Isia Vann,Cornelia Lais,1
Isia Vann,Anda Ribera,1
Isia Vann,Bertrand Ovan,0
Isia Vann,Birgitta Frente,0
Isia Vann,Minke Mies,4
Isia Vann,Ada Campo-Corrente,2
Isia Vann,Felix Balas,0
Isia Vann,Carla Forluniau,0
Isia Vann,Lars Azada,2
Isia Vann,Dante Coginian,1
Isia Vann,Felix Resumir,3
Isia Vann,Loreto Bodrogi,8
Isia Vann,Vira Frente,0
Isia Vann,Lucas Alcazar,2
Isia Vann,Varro Awelon,1
Isia Vann,Stenig Fusil,7
Isia Vann,Isia Vann,14
Isia Vann,Irene Nant,1
Isia Vann,Isande Borrasca,2
Isia Vann,Henk Mies,0
Isia Vann,Sten Sanjorge Jr ,0
Isia Vann,Claudio Hawelon,7
Isia Vann,Gustav Cazar,1
Isia Vann,Ruscella Mies Haber,12
Isia Vann,Cecilia Morluniau,0
Isia Vann,Rachel Pantanal,13
Isia Vann,Emile Arpa,1
Isia Vann,Hideki Cocinaro,9
Isia Vann,Brand Tempestad,0
Isia Vann,Adra Nubarron,3
Isia Vann,Inga Ferro,9
Isia Vann,Dylan Scozzese,1
Isia Vann,Orhan Strum,0
Isia Vann,Marin Onda,1
Isia Vann,Lidelse Dedos,0
Isia Vann,Kanon Herrero,3
Isia Vann,Adan Morlun,1
Isia Vann,Albina Hafon,0
Isia Vann,Sven Flecha,0
Isia Vann,Elsa Orilla,2
Isia Vann,Nils Calixto,0
Isia Vann,Edvard Vann,8
Isia Vann,Ingrid Barranco,5
Isia Vann,Kare Orilla,0
Isia Vann,Axel Calzas,2
Irene Nant,Willem Vasco-Pais,2
Irene Nant,Benito Hawelon,12
Irene Nant,Hennie Osvaldo,4
Irene Nant,Linda Lagos,1
Irene Nant,Mat Bramar,20
Irene Nant,Linnea Bergen,3
Irene Nant,Valeria Morlun,5
Irene Nant,Isak Baza,3
Irene Nant,Varja Lagos,1
Irene Nant,Cornelia Lais,2
Irene Nant,Anda Ribera,2
Irene Nant,Bertrand Ovan,28
Irene Nant,Birgitta Frente,1
Irene Nant,Minke Mies,2
Irene Nant,Ada Campo-Corrente,3
Irene Nant,Felix Balas,1
Irene Nant,Carla Forluniau,2
Irene Nant,Lars Azada,3
Irene Nant,Dante Coginian,13
Irene Nant,Felix Resumir,3
Irene Nant,Loreto Bodrogi,2
Irene Nant,Vira Frente,1
Irene Nant,Lucas Alcazar,3
Irene Nant,Varro Awelon,11
Irene Nant,Stenig Fusil,1
Irene Nant,Isia Vann,1
Irene Nant,Irene Nant,26
Irene Nant,Isande Borrasca,3
Irene Nant,Henk Mies,22
Irene Nant,Sten Sanjorge Jr ,1
Irene Nant,Claudio Hawelon,24
Irene Nant,Gustav Cazar,2
Irene Nant,Ruscella Mies Haber,11
Irene Nant,Cecilia Morluniau,18
Irene Nant,Rachel Pantanal,1
Irene Nant,Emile Arpa,9
Irene Nant,Hideki Cocinaro,2
Irene Nant,Brand Tempestad,1
Irene Nant,Adra Nubarron,4
Irene Nant,Inga Ferro,3
Irene Nant,Dylan Scozzese,23
Irene Nant,Orhan Strum,5
Irene Nant,Marin Onda,2
Irene Nant,Lidelse Dedos,1
Irene Nant,Kanon Herrero,3
Irene Nant,Adan Morlun,19
Irene Nant,Albina Hafon,19
Irene Nant,Sven Flecha,1
Irene Nant,Elsa Orilla,3
Irene Nant,Nils Calixto,1
Irene Nant,Edvard Vann,3
Irene Nant,Ingrid Barranco,6
Irene Nant,Kare Orilla,1
Irene Nant,Axel Calzas,3
Isande Borrasca,Willem Vasco-Pais,3
Isande Borrasca,Benito Hawelon,3
Isande Borrasca,Hennie Osvaldo,5
Isande Borrasca,Linda Lagos,2
Isande Borrasca,Mat Bramar,21
Isande Borrasca,Linnea Bergen,4
Isande Borrasca,Valeria Morlun,2
Isande Borrasca,Isak Baza,4
Isande Borrasca,Varja Lagos,2
Isande Borrasca,Cornelia Lais,3
Isande Borrasca,Anda Ribera,3
Isande Borrasca,Bertrand Ovan,2
Isande Borrasca,Birgitta Frente,10
Isande Borrasca,Minke Mies,3
Isande Borrasca,Ada Campo-Corrente,4
Isande Borrasca,Felix Balas,13
Isande Borrasca,Carla Forluniau,2
Isande Borrasca,Lars Azada,14
Isande Borrasca,Dante Coginian,3
Isande Borrasca,Felix Resumir,4
Isande Borrasca,Loreto Bodrogi,3
Isande Borrasca,Vira Frente,11
Isande Borrasca,Lucas Alcazar,4
Isande Borrasca,Varro Awelon,3
Isande Borrasca,Stenig Fusil,2
Isande Borrasca,Isia Vann,2
Isande Borrasca,Irene Nant,3
Isande Borrasca,Isande Borrasca,24
Isande Borrasca,Henk Mies,2
Isande Borrasca,Sten Sanjorge Jr ,2
Isande Borrasca,Claudio Hawelon,3
Isande Borrasca,Gustav Cazar,12
Isande Borrasca,Ruscella Mies Haber,12
Isande Borrasca,Cecilia Morluniau,2
Isande Borrasca,Rachel Pantanal,2
Isande Borrasca,Emile Arpa,3
Isande Borrasca,Hideki Cocinaro,5
Isande Borrasca,Brand Tempestad,18
Isande Borrasca,Adra Nubarron,11
Isande Borrasca,Inga Ferro,4
Isande Borrasca,Dylan Scozzese,3
Isande Borrasca,Orhan Strum,2
Isande Borrasca,Marin Onda,13
Isande Borrasca,Lidelse Dedos,11
Isande Borrasca,Kanon Herrero,3
Isande Borrasca,Adan Morlun,3
Isande Borrasca,Albina Hafon,2
Isande Borrasca,Sven Flecha,2
Isande Borrasca,Elsa Orilla,16
Isande Borrasca,Nils Calixto,2
Isande Borrasca,Edvard Vann,4
Isande Borrasca,Ingrid Barranco,7
Isande Borrasca,Kare Orilla,19
Isande Borrasca,Axel Calzas,16
Henk Mies,Willem Vasco-Pais,1
Henk Mies,Benito Hawelon,35
Henk Mies,Hennie Osvaldo,3
Henk Mies,Linda Lagos,0
Henk Mies,Mat Bramar,19
Henk Mies,Linnea Bergen,2
Henk Mies,Valeria Morlun,21
Henk Mies,Isak Baza,2
Henk Mies,Varja Lagos,0
Henk Mies,Cornelia Lais,1
Henk Mies,Anda Ribera,5
Henk Mies,Bertrand Ovan,30
Henk Mies,Birgitta Frente,0
Henk Mies,Minke Mies,1
Henk Mies,Ada Campo-Corrente,2
Henk Mies,Felix Balas,0
Henk Mies,Carla Forluniau,0
Henk Mies,Lars Azada,2
Henk Mies,Dante Coginian,21
Henk Mies,Felix Resumir,2
Henk Mies,Loreto Bodrogi,1
Henk Mies,Vira Frente,0
Henk Mies,Lucas Alcazar,2
Henk Mies,Varro Awelon,17
Henk Mies,Stenig Fusil,0
Henk Mies,Isia Vann,0
Henk Mies,Irene Nant,22
Henk Mies,Isande Borrasca,2
Henk Mies,Henk Mies,54
Henk Mies,Sten Sanjorge Jr ,4
Henk Mies,Claudio Hawelon,27
Henk Mies,Gustav Cazar,1
Henk Mies,Ruscella Mies Haber,10
Henk Mies,Cecilia Morluniau,25
Henk Mies,Rachel Pantanal,0
Henk Mies,Emile Arpa,18
Henk Mies,Hideki Cocinaro,1
Henk Mies,Brand Tempestad,0
Henk Mies,Adra Nubarron,3
Henk Mies,Inga Ferro,8
Henk Mies,Dylan Scozzese,28
Henk Mies,Orhan Strum,0
Henk Mies,Marin Onda,1
Henk Mies,Lidelse Dedos,0
Henk Mies,Kanon Herrero,1
Henk Mies,Adan Morlun,31
Henk Mies,Albina Hafon,31
Henk Mies,Sven Flecha,0
Henk Mies,Elsa Orilla,2
Henk Mies,Nils Calixto,0
Henk Mies,Edvard Vann,4
Henk Mies,Ingrid Barranco,5
Henk Mies,Kare Orilla,0
Henk Mies,Axel Calzas,2
Sten Sanjorge Jr ,Willem Vasco-Pais,24
Sten Sanjorge Jr ,Benito Hawelon,1
Sten Sanjorge Jr ,Hennie Osvaldo,3
Sten Sanjorge Jr ,Linda Lagos,0
Sten Sanjorge Jr ,Mat Bramar,19
Sten Sanjorge Jr ,Linnea Bergen,2
Sten Sanjorge Jr ,Valeria Morlun,0
Sten Sanjorge Jr ,Isak Baza,2
Sten Sanjorge Jr ,Varja Lagos,0
Sten Sanjorge Jr ,Cornelia Lais,1
Sten Sanjorge Jr ,Anda Ribera,1
Sten Sanjorge Jr ,Bertrand Ovan,0
Sten Sanjorge Jr ,Birgitta Frente,0
Sten Sanjorge Jr ,Minke Mies,1
Sten Sanjorge Jr ,Ada Campo-Corrente,38
Sten Sanjorge Jr ,Felix Balas,0
Sten Sanjorge Jr ,Carla Forluniau,0
Sten Sanjorge Jr ,Lars Azada,2
Sten Sanjorge Jr ,Dante Coginian,1
Sten Sanjorge Jr ,Felix Resumir,2
Sten Sanjorge Jr ,Loreto Bodrogi,1
Sten Sanjorge Jr ,Vira Frente,0
Sten Sanjorge Jr ,Lucas Alcazar,2
Sten Sanjorge Jr ,Varro Awelon,1
Sten Sanjorge Jr ,Stenig Fusil,0
Sten Sanjorge Jr ,Isia Vann,0
Sten Sanjorge Jr ,Irene Nant,1
Sten Sanjorge Jr ,Isande Borrasca,2
Sten Sanjorge Jr ,Henk Mies,4
Sten Sanjorge Jr ,Sten Sanjorge Jr ,46
Sten Sanjorge Jr ,Claudio Hawelon,1
Sten Sanjorge Jr ,Gustav Cazar,1
Sten Sanjorge Jr ,Ruscella Mies Haber,10
Sten Sanjorge Jr ,Cecilia Morluniau,0
Sten Sanjorge Jr ,Rachel Pantanal,0
Sten Sanjorge Jr ,Emile Arpa,1
Sten Sanjorge Jr ,Hideki Cocinaro,1
Sten Sanjorge Jr ,Brand Tempestad,0
Sten Sanjorge Jr ,Adra Nubarron,3
Sten Sanjorge Jr ,Inga Ferro,2
Sten Sanjorge Jr ,Dylan Scozzese,1
Sten Sanjorge Jr ,Orhan Strum,15
Sten Sanjorge Jr ,Marin Onda,1
Sten Sanjorge Jr ,Lidelse Dedos,0
Sten Sanjorge Jr ,Kanon Herrero,1
Sten Sanjorge Jr ,Adan Morlun,1
Sten Sanjorge Jr ,Albina Hafon,0
Sten Sanjorge Jr ,Sven Flecha,0
Sten Sanjorge Jr ,Elsa Orilla,2
Sten Sanjorge Jr ,Nils Calixto,0
Sten Sanjorge Jr ,Edvard Vann,2
Sten Sanjorge Jr ,Ingrid Barranco,19
Sten Sanjorge Jr ,Kare Orilla,0
Sten Sanjorge Jr ,Axel Calzas,2
Claudio Hawelon,Willem Vasco-Pais,2
Claudio Hawelon,Benito Hawelon,19
Claudio Hawelon,Hennie Osvaldo,4
Claudio Hawelon,Linda Lagos,1
Claudio Hawelon,Mat Bramar,20
Claudio Hawelon,Linnea Bergen,6
Claudio Hawelon,Valeria Morlun,16
Claudio Hawelon,Isak Baza,3
Claudio Hawelon,Varja Lagos,1
Claudio Hawelon,Cornelia Lais,2
Claudio Hawelon,Anda Ribera,2
Claudio Hawelon,Bertrand Ovan,28
Claudio Hawelon,Birgitta Frente,1
Claudio Hawelon,Minke Mies,2
Claudio Hawelon,Ada Campo-Corrente,3
Claudio Hawelon,Felix Balas,1
Claudio Hawelon,Carla Forluniau,1
Claudio Hawelon,Lars Azada,3
Claudio Hawelon,Dante Coginian,14
Claudio Hawelon,Felix Resumir,3
Claudio Hawelon,Loreto Bodrogi,2
Claudio Hawelon,Vira Frente,1
Claudio Hawelon,Lucas Alcazar,3
Claudio Hawelon,Varro Awelon,15
Claudio Hawelon,Stenig Fusil,1
Claudio Hawelon,Isia Vann,7
Claudio Hawelon,Irene Nant,24
Claudio Hawelon,Isande Borrasca,3
Claudio Hawelon,Henk Mies,27
Claudio Hawelon,Sten Sanjorge Jr ,1
Claudio Hawelon,Claudio Hawelon,30
Claudio Hawelon,Gustav Cazar,2
Claudio Hawelon,Ruscella Mies Haber,11
Claudio Hawelon,Cecilia Morluniau,20
Claudio Hawelon,Rachel Pantanal,3
Claudio Hawelon,Emile Arpa,14
Claudio Hawelon,Hideki Cocinaro,2
Claudio Hawelon,Brand Tempestad,1
Claudio Hawelon,Adra Nubarron,4
Claudio Hawelon,Inga Ferro,3
Claudio Hawelon,Dylan Scozzese,22
Claudio Hawelon,Orhan Strum,1
Claudio Hawelon,Marin Onda,2
Claudio Hawelon,Lidelse Dedos,1
Claudio Hawelon,Kanon Herrero,2
Claudio Hawelon,Adan Morlun,18
Claudio Hawelon,Albina Hafon,20
Claudio Hawelon,Sven Flecha,1
Claudio Hawelon,Elsa Orilla,3
Claudio Hawelon,Nils Calixto,1
Claudio Hawelon,Edvard Vann,3
Claudio Hawelon,Ingrid Barranco,6
Claudio Hawelon,Kare Orilla,1
Claudio Hawelon,Axel Calzas,3
Gustav Cazar,Willem Vasco-Pais,2
Gustav Cazar,Benito Hawelon,2
Gustav Cazar,Hennie Osvaldo,4
Gustav Cazar,Linda Lagos,1
Gustav Cazar,Mat Bramar,20
Gustav Cazar,Linnea Bergen,3
Gustav Cazar,Valeria Morlun,1
Gustav Cazar,Isak Baza,3
Gustav Cazar,Varja Lagos,1
Gustav Cazar,Cornelia Lais,2
Gustav Cazar,Anda Ribera,5
Gustav Cazar,Bertrand Ovan,1
Gustav Cazar,Birgitta Frente,7
Gustav Cazar,Minke Mies,2
Gustav Cazar,Ada Campo-Corrente,3
Gustav Cazar,Felix Balas,7
Gustav Cazar,Carla Forluniau,1
Gustav Cazar,Lars Azada,13
Gustav Cazar,Dante Coginian,2
Gustav Cazar,Felix Resumir,3
Gustav Cazar,Loreto Bodrogi,2
Gustav Cazar,Vira Frente,9
Gustav Cazar,Lucas Alcazar,3
Gustav Cazar,Varro Awelon,2
Gustav Cazar,Stenig Fusil,1
Gustav Cazar,Isia Vann,1
Gustav Cazar,Irene Nant,2
Gustav Cazar,Isande Borrasca,12
Gustav Cazar,Henk Mies,1
Gustav Cazar,Sten Sanjorge Jr ,1
Gustav Cazar,Claudio Hawelon,2
Gustav Cazar,Gustav Cazar,20
Gustav Cazar,Ruscella Mies Haber,11
Gustav Cazar,Cecilia Morluniau,1
Gustav Cazar,Rachel Pantanal,1
Gustav Cazar,Emile Arpa,2
Gustav Cazar,Hideki Cocinaro,2
Gustav Cazar,Brand Tempestad,10
Gustav Cazar,Adra Nubarron,9
Gustav Cazar,Inga Ferro,3
Gustav Cazar,Dylan Scozzese,2
Gustav Cazar,Orhan Strum,7
Gustav Cazar,Marin Onda,8
Gustav Cazar,Lidelse Dedos,11
Gustav Cazar,Kanon Herrero,2
Gustav Cazar,Adan Morlun,2
Gustav Cazar,Albina Hafon,1
Gustav Cazar,Sven Flecha,1
Gustav Cazar,Elsa Orilla,20
Gustav Cazar,Nils Calixto,1
Gustav Cazar,Edvard Vann,3
Gustav Cazar,Ingrid Barranco,6
Gustav Cazar,Kare Orilla,8
Gustav Cazar,Axel Calzas,15
Ruscella Mies Haber,Willem Vasco-Pais,11
Ruscella Mies Haber,Benito Hawelon,11
Ruscella Mies Haber,Hennie Osvaldo,17
Ruscella Mies Haber,Linda Lagos,42
Ruscella Mies Haber,Mat Bramar,61
Ruscella Mies Haber,Linnea Bergen,17
Ruscella Mies Haber,Valeria Morlun,10
Ruscella Mies Haber,Isak Baza,12
Ruscella Mies Haber,Varja Lagos,10
Ruscella Mies Haber,Cornelia Lais,45
Ruscella Mies Haber,Anda Ribera,38
Ruscella Mies Haber,Bertrand Ovan,10
Ruscella Mies Haber,Birgitta Frente,10
Ruscella Mies Haber,Minke Mies,14
Ruscella Mies Haber,Ada Campo-Corrente,14
Ruscella Mies Haber,Felix Balas,10
Ruscella Mies Haber,Carla Forluniau,43
Ruscella Mies Haber,Lars Azada,12
Ruscella Mies Haber,Dante Coginian,11
Ruscella Mies Haber,Felix Resumir,12
Ruscella Mies Haber,Loreto Bodrogi,14
Ruscella Mies Haber,Vira Frente,10
Ruscella Mies Haber,Lucas Alcazar,12
Ruscella Mies Haber,Varro Awelon,11
Ruscella Mies Haber,Stenig Fusil,10
Ruscella Mies Haber,Isia Vann,12
Ruscella Mies Haber,Irene Nant,11
Ruscella Mies Haber,Isande Borrasca,12
Ruscella Mies Haber,Henk Mies,10
Ruscella Mies Haber,Sten Sanjorge Jr ,10
Ruscella Mies Haber,Claudio Hawelon,11
Ruscella Mies Haber,Gustav Cazar,11
Ruscella Mies Haber,Ruscella Mies Haber,50
Ruscella Mies Haber,Cecilia Morluniau,10
Ruscella Mies Haber,Rachel Pantanal,40
Ruscella Mies Haber,Emile Arpa,11
Ruscella Mies Haber,Hideki Cocinaro,11
Ruscella Mies Haber,Brand Tempestad,10
Ruscella Mies Haber,Adra Nubarron,17
Ruscella Mies Haber,Inga Ferro,16
Ruscella Mies Haber,Dylan Scozzese,11
Ruscella Mies Haber,Orhan Strum,10
Ruscella Mies Haber,Marin Onda,11
Ruscella Mies Haber,Lidelse Dedos,10
Ruscella Mies Haber,Kanon Herrero,11
Ruscella Mies Haber,Adan Morlun,11
Ruscella Mies Haber,Albina Hafon,10
Ruscella Mies Haber,Sven Flecha,10
Ruscella Mies Haber,Elsa Orilla,12
Ruscella Mies Haber,Nils Calixto,10
Ruscella Mies Haber,Edvard Vann,12
Ruscella Mies Haber,Ingrid Barranco,15
Ruscella Mies Haber,Kare Orilla,10
Ruscella Mies Haber,Axel Calzas,12
Cecilia Morluniau,Willem Vasco-Pais,1
Cecilia Morluniau,Benito Hawelon,12
Cecilia Morluniau,Hennie Osvaldo,3
Cecilia Morluniau,Linda Lagos,0
Cecilia Morluniau,Mat Bramar,19
Cecilia Morluniau,Linnea Bergen,2
Cecilia Morluniau,Valeria Morlun,7
Cecilia Morluniau,Isak Baza,2
Cecilia Morluniau,Varja Lagos,0
Cecilia Morluniau,Cornelia Lais,1
Cecilia Morluniau,Anda Ribera,1
Cecilia Morluniau,Bertrand Ovan,28
Cecilia Morluniau,Birgitta Frente,0
Cecilia Morluniau,Minke Mies,1
Cecilia Morluniau,Ada Campo-Corrente,2
Cecilia Morluniau,Felix Balas,0
Cecilia Morluniau,Carla Forluniau,0
Cecilia Morluniau,Lars Azada,2
Cecilia Morluniau,Dante Coginian,10
Cecilia Morluniau,Felix Resumir,2
Cecilia Morluniau,Loreto Bodrogi,1
Cecilia Morluniau,Vira Frente,0
Cecilia Morluniau,Lucas Alcazar,2
Cecilia Morluniau,Varro Awelon,9
Cecilia Morluniau,Stenig Fusil,0
Cecilia Morluniau,Isia Vann,0
Cecilia Morluniau,Irene Nant,18
Cecilia Morluniau,Isande Borrasca,2
Cecilia Morluniau,Henk Mies,25
Cecilia Morluniau,Sten Sanjorge Jr ,0
Cecilia Morluniau,Claudio Hawelon,20
Cecilia Morluniau,Gustav Cazar,1
Cecilia Morluniau,Ruscella Mies Haber,10
Cecilia Morluniau,Cecilia Morluniau,18
Cecilia Morluniau,Rachel Pantanal,0
Cecilia Morluniau,Emile Arpa,5
Cecilia Morluniau,Hideki Cocinaro,1
Cecilia Morluniau,Brand Tempestad,0
Cecilia Morluniau,Adra Nubarron,4
Cecilia Morluniau,Inga Ferro,2
Cecilia Morluniau,Dylan Scozzese,19
Cecilia Morluniau,Orhan Strum,0
Cecilia Morluniau,Marin Onda,1
Cecilia Morluniau,Lidelse Dedos,0
Cecilia Morluniau,Kanon Herrero,1
Cecilia Morluniau,Adan Morlun,17
Cecilia Morluniau,Albina Hafon,22
Cecilia Morluniau,Sven Flecha,0
Cecilia Morluniau,Elsa Orilla,2
Cecilia Morluniau,Nils Calixto,0
Cecilia Morluniau,Edvard Vann,2
Cecilia Morluniau,Ingrid Barranco,8
Cecilia Morluniau,Kare Orilla,0
Cecilia Morluniau,Axel Calzas,2
Rachel Pantanal,Willem Vasco-Pais,1
Rachel Pantanal,Benito Hawelon,1
Rachel Pantanal,Hennie Osvaldo,7
Rachel Pantanal,Linda Lagos,32
Rachel Pantanal,Mat Bramar,51
Rachel Pantanal,Linnea Bergen,4
Rachel Pantanal,Valeria Morlun,0
Rachel Pantanal,Isak Baza,2
Rachel Pantanal,Varja Lagos,0
Rachel Pantanal,Cornelia Lais,35
Rachel Pantanal,Anda Ribera,28
Rachel Pantanal,Bertrand Ovan,0
Rachel Pantanal,Birgitta Frente,0
Rachel Pantanal,Minke Mies,1
Rachel Pantanal,Ada Campo-Corrente,2
Rachel Pantanal,Felix Balas,0
Rachel Pantanal,Carla Forluniau,33
Rachel Pantanal,Lars Azada,2
Rachel Pantanal,Dante Coginian,1
Rachel Pantanal,Felix Resumir,2
Rachel Pantanal,Loreto Bodrogi,1
Rachel Pantanal,Vira Frente,0
Rachel Pantanal,Lucas Alcazar,2
Rachel Pantanal,Varro Awelon,1
Rachel Pantanal,Stenig Fusil,0
Rachel Pantanal,Isia Vann,13
Rachel Pantanal,Irene Nant,1
Rachel Pantanal,Isande Borrasca,2
Rachel Pantanal,Henk Mies,0
Rachel Pantanal,Sten Sanjorge Jr ,0
Rachel Pantanal,Claudio Hawelon,3
Rachel Pantanal,Gustav Cazar,1
Rachel Pantanal,Ruscella Mies Haber,40
Rachel Pantanal,Cecilia Morluniau,0
Rachel Pantanal,Rachel Pantanal,28
Rachel Pantanal,Emile Arpa,1
Rachel Pantanal,Hideki Cocinaro,1
Rachel Pantanal,Brand Tempestad,0
Rachel Pantanal,Adra Nubarron,3
Rachel Pantanal,Inga Ferro,2
Rachel Pantanal,Dylan Scozzese,1
Rachel Pantanal,Orhan Strum,0
Rachel Pantanal,Marin Onda,1
Rachel Pantanal,Lidelse Dedos,0
Rachel Pantanal,Kanon Herrero,1
Rachel Pantanal,Adan Morlun,1
Rachel Pantanal,Albina Hafon,3
Rachel Pantanal,Sven Flecha,0
Rachel Pantanal,Elsa Orilla,2
Rachel Pantanal,Nils Calixto,0
Rachel Pantanal,Edvard Vann,2
Rachel Pantanal,Ingrid Barranco,5
Rachel Pantanal,Kare Orilla,0
Rachel Pantanal,Axel Calzas,2
Emile Arpa,Willem Vasco-Pais,2
Emile Arpa,Benito Hawelon,13
Emile Arpa,Hennie Osvaldo,4
Emile Arpa,Linda Lagos,1
Emile Arpa,Mat Bramar,20
Emile Arpa,Linnea Bergen,3
Emile Arpa,Valeria Morlun,9
Emile Arpa,Isak Baza,3
Emile Arpa,Varja Lagos,1
Emile Arpa,Cornelia Lais,2
Emile Arpa,Anda Ribera,2
Emile Arpa,Bertrand Ovan,27
Emile Arpa,Birgitta Frente,1
Emile Arpa,Minke Mies,2
Emile Arpa,Ada Campo-Corrente,3
Emile Arpa,Felix Balas,1
Emile Arpa,Carla Forluniau,1
Emile Arpa,Lars Azada,3
Emile Arpa,Dante Coginian,12
Emile Arpa,Felix Resumir,3
Emile Arpa,Loreto Bodrogi,2
Emile Arpa,Vira Frente,1
Emile Arpa,Lucas Alcazar,7
Emile Arpa,Varro Awelon,8
Emile Arpa,Stenig Fusil,1
Emile Arpa,Isia Vann,1
Emile Arpa,Irene Nant,9
Emile Arpa,Isande Borrasca,3
Emile Arpa,Henk Mies,18
Emile Arpa,Sten Sanjorge Jr ,1
Emile Arpa,Claudio Hawelon,14
Emile Arpa,Gustav Cazar,2
Emile Arpa,Ruscella Mies Haber,11
Emile Arpa,Cecilia Morluniau,5
Emile Arpa,Rachel Pantanal,1
Emile Arpa,Emile Arpa,12
Emile Arpa,Hideki Cocinaro,2
Emile Arpa,Brand Tempestad,1
Emile Arpa,Adra Nubarron,4
Emile Arpa,Inga Ferro,3
Emile Arpa,Dylan Scozzese,16
Emile Arpa,Orhan Strum,1
Emile Arpa,Marin Onda,6
Emile Arpa,Lidelse Dedos,1
Emile Arpa,Kanon Herrero,2
Emile Arpa,Adan Morlun,14
Emile Arpa,Albina Hafon,11
Emile Arpa,Sven Flecha,1
Emile Arpa,Elsa Orilla,3
Emile Arpa,Nils Calixto,1
Emile Arpa,Edvard Vann,3
Emile Arpa,Ingrid Barranco,6
Emile Arpa,Kare Orilla,1
Emile Arpa,Axel Calzas,3
Hideki Cocinaro,Willem Vasco-Pais,2
Hideki Cocinaro,Benito Hawelon,2
Hideki Cocinaro,Hennie Osvaldo,10
Hideki Cocinaro,Linda Lagos,1
Hideki Cocinaro,Mat Bramar,20
Hideki Cocinaro,Linnea Bergen,3
Hideki Cocinaro,Valeria Morlun,1
Hideki Cocinaro,Isak Baza,3
Hideki Cocinaro,Varja Lagos,11
Hideki Cocinaro,Cornelia Lais,6
Hideki Cocinaro,Anda Ribera,2
Hideki Cocinaro,Bertrand Ovan,1
Hideki Cocinaro,Birgitta Frente,1
Hideki Cocinaro,Minke Mies,4
Hideki Cocinaro,Ada Campo-Corrente,3
Hideki Cocinaro,Felix Balas,1
Hideki Cocinaro,Carla Forluniau,1
Hideki Cocinaro,Lars Azada,3
Hideki Cocinaro,Dante Coginian,7
Hideki Cocinaro,Felix Resumir,6
Hideki Cocinaro,Loreto Bodrogi,4
Hideki Cocinaro,Vira Frente,1
Hideki Cocinaro,Lucas Alcazar,3
Hideki Cocinaro,Varro Awelon,2
Hideki Cocinaro,Stenig Fusil,11
Hideki Cocinaro,Isia Vann,9
Hideki Cocinaro,Irene Nant,2
Hideki Cocinaro,Isande Borrasca,5
Hideki Cocinaro,Henk Mies,1
Hideki Cocinaro,Sten Sanjorge Jr ,1
Hideki Cocinaro,Claudio Hawelon,2
Hideki Cocinaro,Gustav Cazar,2
Hideki Cocinaro,Ruscella Mies Haber,11
Hideki Cocinaro,Cecilia Morluniau,1
Hideki Cocinaro,Rachel Pantanal,1
Hideki Cocinaro,Emile Arpa,2
Hideki Cocinaro,Hideki Cocinaro,10
Hideki Cocinaro,Brand Tempestad,1
Hideki Cocinaro,Adra Nubarron,4
Hideki Cocinaro,Inga Ferro,7
Hideki Cocinaro,Dylan Scozzese,2
Hideki Cocinaro,Orhan Strum,1
Hideki Cocinaro,Marin Onda,2
Hideki Cocinaro,Lidelse Dedos,1
Hideki Cocinaro,Kanon Herrero,4
Hideki Cocinaro,Adan Morlun,2
Hideki Cocinaro,Albina Hafon,1
Hideki Cocinaro,Sven Flecha,1
Hideki Cocinaro,Elsa Orilla,3
Hideki Cocinaro,Nils Calixto,1
Hideki Cocinaro,Edvard Vann,8
Hideki Cocinaro,Ingrid Barranco,6
Hideki Cocinaro,Kare Orilla,1
Hideki Cocinaro,Axel Calzas,3
Brand Tempestad,Willem Vasco-Pais,1
Brand Tempestad,Benito Hawelon,1
Brand Tempestad,Hennie Osvaldo,3
Brand Tempestad,Linda Lagos,0
Brand Tempestad,Mat Bramar,19
Brand Tempestad,Linnea Bergen,2
Brand Tempestad,Valeria Morlun,0
Brand Tempestad,Isak Baza,2
Brand Tempestad,Varja Lagos,0
Brand Tempestad,Cornelia Lais,1
Brand Tempestad,Anda Ribera,1
Brand Tempestad,Bertrand Ovan,0
Brand Tempestad,Birgitta Frente,11
Brand Tempestad,Minke Mies,1
Brand Tempestad,Ada Campo-Corrente,2
Brand Tempestad,Felix Balas,13
Brand Tempestad,Carla Forluniau,0
Brand Tempestad,Lars Azada,18
Brand Tempestad,Dante Coginian,1
Brand Tempestad,Felix Resumir,2
Brand Tempestad,Loreto Bodrogi,1
Brand Tempestad,Vira Frente,12
Brand Tempestad,Lucas Alcazar,2
Brand Tempestad,Varro Awelon,1
Brand Tempestad,Stenig Fusil,0
Brand Tempestad,Isia Vann,0
Brand Tempestad,Irene Nant,1
Brand Tempestad,Isande Borrasca,18
Brand Tempestad,Henk Mies,0
Brand Tempestad,Sten Sanjorge Jr ,0
Brand Tempestad,Claudio Hawelon,1
Brand Tempestad,Gustav Cazar,10
Brand Tempestad,Ruscella Mies Haber,10
Brand Tempestad,Cecilia Morluniau,0
Brand Tempestad,Rachel Pantanal,0
Brand Tempestad,Emile Arpa,1
Brand Tempestad,Hideki Cocinaro,1
Brand Tempestad,Brand Tempestad,26
Brand Tempestad,Adra Nubarron,18
Brand Tempestad,Inga Ferro,2
Brand Tempestad,Dylan Scozzese,1
Brand Tempestad,Orhan Strum,0
Brand Tempestad,Marin Onda,12
Brand Tempestad,Lidelse Dedos,17
Brand Tempestad,Kanon Herrero,1
Brand Tempestad,Adan Morlun,1
Brand Tempestad,Albina Hafon,0
Brand Tempestad,Sven Flecha,0
Brand Tempestad,Elsa Orilla,19
Brand Tempestad,Nils Calixto,0
Brand Tempestad,Edvard Vann,2
Brand Tempestad,Ingrid Barranco,5
Brand Tempestad,Kare Orilla,19
Brand Tempestad,Axel Calzas,13
Adra Nubarron,Willem Vasco-Pais,4
Adra Nubarron,Benito Hawelon,4
Adra Nubarron,Hennie Osvaldo,6
Adra Nubarron,Linda Lagos,3
Adra Nubarron,Mat Bramar,22
Adra Nubarron,Linnea Bergen,5
Adra Nubarron,Valeria Morlun,3
Adra Nubarron,Isak Baza,5
Adra Nubarron,Varja Lagos,3
Adra Nubarron,Cornelia Lais,4
Adra Nubarron,Anda Ribera,4
Adra Nubarron,Bertrand Ovan,3
Adra Nubarron,Birgitta Frente,8
Adra Nubarron,Minke Mies,5
Adra Nubarron,Ada Campo-Corrente,5
Adra Nubarron,Felix Balas,14
Adra Nubarron,Carla Forluniau,3
Adra Nubarron,Lars Azada,17
Adra Nubarron,Dante Coginian,4
Adra Nubarron,Felix Resumir,5
Adra Nubarron,Loreto Bodrogi,4
Adra Nubarron,Vira Frente,8
Adra Nubarron,Lucas Alcazar,5
Adra Nubarron,Varro Awelon,4
Adra Nubarron,Stenig Fusil,3
Adra Nubarron,Isia Vann,3
Adra Nubarron,Irene Nant,4
Adra Nubarron,Isande Borrasca,11
Adra Nubarron,Henk Mies,3
Adra Nubarron,Sten Sanjorge Jr ,3
Adra Nubarron,Claudio Hawelon,4
Adra Nubarron,Gustav Cazar,9
Adra Nubarron,Ruscella Mies Haber,17
Adra Nubarron,Cecilia Morluniau,4
Adra Nubarron,Rachel Pantanal,3
Adra Nubarron,Emile Arpa,4
Adra Nubarron,Hideki Cocinaro,4
Adra Nubarron,Brand Tempestad,18
Adra Nubarron,Adra Nubarron,20
Adra Nubarron,Inga Ferro,5
Adra Nubarron,Dylan Scozzese,4
Adra Nubarron,Orhan Strum,3
Adra Nubarron,Marin Onda,11
Adra Nubarron,Lidelse Dedos,13
Adra Nubarron,Kanon Herrero,4
Adra Nubarron,Adan Morlun,4
Adra Nubarron,Albina Hafon,3
Adra Nubarron,Sven Flecha,3
Adra Nubarron,Elsa Orilla,19
Adra Nubarron,Nils Calixto,3
Adra Nubarron,Edvard Vann,5
Adra Nubarron,Ingrid Barranco,8
Adra Nubarron,Kare Orilla,14
Adra Nubarron,Axel Calzas,10
Inga Ferro,Willem Vasco-Pais,7
Inga Ferro,Benito Hawelon,3
Inga Ferro,Hennie Osvaldo,14
Inga Ferro,Linda Lagos,2
Inga Ferro,Mat Bramar,21
Inga Ferro,Linnea Bergen,7
Inga Ferro,Valeria Morlun,2
Inga Ferro,Isak Baza,4
Inga Ferro,Varja Lagos,9
Inga Ferro,Cornelia Lais,3
Inga Ferro,Anda Ribera,3
Inga Ferro,Bertrand Ovan,2
Inga Ferro,Birgitta Frente,2
Inga Ferro,Minke Mies,16
Inga Ferro,Ada Campo-Corrente,4
Inga Ferro,Felix Balas,2
Inga Ferro,Carla Forluniau,2
Inga Ferro,Lars Azada,4
Inga Ferro,Dante Coginian,3
Inga Ferro,Felix Resumir,7
Inga Ferro,Loreto Bodrogi,13
Inga Ferro,Vira Frente,2
Inga Ferro,Lucas Alcazar,4
Inga Ferro,Varro Awelon,3
Inga Ferro,Stenig Fusil,7
Inga Ferro,Isia Vann,9
Inga Ferro,Irene Nant,3
Inga Ferro,Isande Borrasca,4
Inga Ferro,Henk Mies,8
Inga Ferro,Sten Sanjorge Jr ,2
Inga Ferro,Claudio Hawelon,3
Inga Ferro,Gustav Cazar,3
Inga Ferro,Ruscella Mies Haber,16
Inga Ferro,Cecilia Morluniau,2
Inga Ferro,Rachel Pantanal,2
Inga Ferro,Emile Arpa,3
Inga Ferro,Hideki Cocinaro,7
Inga Ferro,Brand Tempestad,2
Inga Ferro,Adra Nubarron,5
Inga Ferro,Inga Ferro,16
Inga Ferro,Dylan Scozzese,3
Inga Ferro,Orhan Strum,2
Inga Ferro,Marin Onda,3
Inga Ferro,Lidelse Dedos,2
Inga Ferro,Kanon Herrero,10
Inga Ferro,Adan Morlun,3
Inga Ferro,Albina Hafon,2
Inga Ferro,Sven Flecha,2
Inga Ferro,Elsa Orilla,4
Inga Ferro,Nils Calixto,2
Inga Ferro,Edvard Vann,8
Inga Ferro,Ingrid Barranco,7
Inga Ferro,Kare Orilla,3
Inga Ferro,Axel Calzas,4
Dylan Scozzese,Willem Vasco-Pais,2
Dylan Scozzese,Benito Hawelon,14
Dylan Scozzese,Hennie Osvaldo,4
Dylan Scozzese,Linda Lagos,1
Dylan Scozzese,Mat Bramar,20
Dylan Scozzese,Linnea Bergen,3
Dylan Scozzese,Valeria Morlun,19
Dylan Scozzese,Isak Baza,3
Dylan Scozzese,Varja Lagos,1
Dylan Scozzese,Cornelia Lais,2
Dylan Scozzese,Anda Ribera,2
Dylan Scozzese,Bertrand Ovan,27
Dylan Scozzese,Birgitta Frente,1
Dylan Scozzese,Minke Mies,2
Dylan Scozzese,Ada Campo-Corrente,3
Dylan Scozzese,Felix Balas,1
Dylan Scozzese,Carla Forluniau,1
Dylan Scozzese,Lars Azada,3
Dylan Scozzese,Dante Coginian,16
Dylan Scozzese,Felix Resumir,3
Dylan Scozzese,Loreto Bodrogi,2
Dylan Scozzese,Vira Frente,1
Dylan Scozzese,Lucas Alcazar,3
Dylan Scozzese,Varro Awelon,11
Dylan Scozzese,Stenig Fusil,1
Dylan Scozzese,Isia Vann,1
Dylan Scozzese,Irene Nant,23
Dylan Scozzese,Isande Borrasca,3
Dylan Scozzese,Henk Mies,28
Dylan Scozzese,Sten Sanjorge Jr ,1
Dylan Scozzese,Claudio Hawelon,22
Dylan Scozzese,Gustav Cazar,2
Dylan Scozzese,Ruscella Mies Haber,11
Dylan Scozzese,Cecilia Morluniau,19
Dylan Scozzese,Rachel Pantanal,1
Dylan Scozzese,Emile Arpa,16
Dylan Scozzese,Hideki Cocinaro,2
Dylan Scozzese,Brand Tempestad,1
Dylan Scozzese,Adra Nubarron,4
Dylan Scozzese,Inga Ferro,3
Dylan Scozzese,Dylan Scozzese,44
Dylan Scozzese,Orhan Strum,1
Dylan Scozzese,Marin Onda,2
Dylan Scozzese,Lidelse Dedos,1
Dylan Scozzese,Kanon Herrero,2
Dylan Scozzese,Adan Morlun,30
Dylan Scozzese,Albina Hafon,34
Dylan Scozzese,Sven Flecha,1
Dylan Scozzese,Elsa Orilla,3
Dylan Scozzese,Nils Calixto,1
Dylan Scozzese,Edvard Vann,3
Dylan Scozzese,Ingrid Barranco,6
Dylan Scozzese,Kare Orilla,1
Dylan Scozzese,Axel Calzas,3
Orhan Strum,Willem Vasco-Pais,26
Orhan Strum,Benito Hawelon,1
Orhan Strum,Hennie Osvaldo,3
Orhan Strum,Linda Lagos,0
Orhan Strum,Mat Bramar,19
Orhan Strum,Linnea Bergen,2
Orhan Strum,Valeria Morlun,0
Orhan Strum,Isak Baza,2
Orhan Strum,Varja Lagos,0
Orhan Strum,Cornelia Lais,1
Orhan Strum,Anda Ribera,1
Orhan Strum,Bertrand Ovan,0
Orhan Strum,Birgitta Frente,0
Orhan Strum,Minke Mies,1
Orhan Strum,Ada Campo-Corrente,17
Orhan Strum,Felix Balas,0
Orhan Strum,Carla Forluniau,0
Orhan Strum,Lars Azada,2
Orhan Strum,Dante Coginian,1
Orhan Strum,Felix Resumir,2
Orhan Strum,Loreto Bodrogi,1
Orhan Strum,Vira Frente,0
Orhan Strum,Lucas Alcazar,2
Orhan Strum,Varro Awelon,1
Orhan Strum,Stenig Fusil,2
Orhan Strum,Isia Vann,0
Orhan Strum,Irene Nant,5
Orhan Strum,Isande Borrasca,2
Orhan Strum,Henk Mies,0
Orhan Strum,Sten Sanjorge Jr ,15
Orhan Strum,Claudio Hawelon,1
Orhan Strum,Gustav Cazar,7
Orhan Strum,Ruscella Mies Haber,10
Orhan Strum,Cecilia Morluniau,0
Orhan Strum,Rachel Pantanal,0
Orhan Strum,Emile Arpa,1
Orhan Strum,Hideki Cocinaro,1
Orhan Strum,Brand Tempestad,0
Orhan Strum,Adra Nubarron,3
Orhan Strum,Inga Ferro,2
Orhan Strum,Dylan Scozzese,1
Orhan Strum,Orhan Strum,24
Orhan Strum,Marin Onda,1
Orhan Strum,Lidelse Dedos,0
Orhan Strum,Kanon Herrero,1
Orhan Strum,Adan Morlun,1
Orhan Strum,Albina Hafon,0
Orhan Strum,Sven Flecha,0
Orhan Strum,Elsa Orilla,2
Orhan Strum,Nils Calixto,0
Orhan Strum,Edvard Vann,2
Orhan Strum,Ingrid Barranco,14
Orhan Strum,Kare Orilla,0
Orhan Strum,Axel Calzas,2
Marin Onda,Willem Vasco-Pais,2
Marin Onda,Benito Hawelon,2
Marin Onda,Hennie Osvaldo,4
Marin Onda,Linda Lagos,1
Marin Onda,Mat Bramar,20
Marin Onda,Linnea Bergen,3
Marin Onda,Valeria Morlun,1
Marin Onda,Isak Baza,3
Marin Onda,Varja Lagos,1
Marin Onda,Cornelia Lais,2
Marin Onda,Anda Ribera,2
Marin Onda,Bertrand Ovan,1
Marin Onda,Birgitta Frente,6
Marin Onda,Minke Mies,2
Marin Onda,Ada Campo-Corrente,3
Marin Onda,Felix Balas,10
Marin Onda,Carla Forluniau,1
Marin Onda,Lars Azada,10
Marin Onda,Dante Coginian,2
Marin Onda,Felix Resumir,3
Marin Onda,Loreto Bodrogi,2
Marin Onda,Vira Frente,13
Marin Onda,Lucas Alcazar,3
Marin Onda,Varro Awelon,2
Marin Onda,Stenig Fusil,1
Marin Onda,Isia Vann,1
Marin Onda,Irene Nant,2
Marin Onda,Isande Borrasca,13
Marin Onda,Henk Mies,1
Marin Onda,Sten Sanjorge Jr ,1
Marin Onda,Claudio Hawelon,2
Marin Onda,Gustav Cazar,8
Marin Onda,Ruscella Mies Haber,11
Marin Onda,Cecilia Morluniau,1
Marin Onda,Rachel Pantanal,1
Marin Onda,Emile Arpa,6
Marin Onda,Hideki Cocinaro,2
Marin Onda,Brand Tempestad,12
Marin Onda,Adra Nubarron,11
Marin Onda,Inga Ferro,3
Marin Onda,Dylan Scozzese,2
Marin Onda,Orhan Strum,1
Marin Onda,Marin Onda,8
Marin Onda,Lidelse Dedos,9
Marin Onda,Kanon Herrero,2
Marin Onda,Adan Morlun,2
Marin Onda,Albina Hafon,1
Marin Onda,Sven Flecha,1
Marin Onda,Elsa Orilla,15
Marin Onda,Nils Calixto,1
Marin Onda,Edvard Vann,3
Marin Onda,Ingrid Barranco,6
Marin Onda,Kare Orilla,13
Marin Onda,Axel Calzas,8
Lidelse Dedos,Willem Vasco-Pais,1
Lidelse Dedos,Benito Hawelon,1
Lidelse Dedos,Hennie Osvaldo,3
Lidelse Dedos,Linda Lagos,0
Lidelse Dedos,Mat Bramar,19
Lidelse Dedos,Linnea Bergen,2
Lidelse Dedos,Valeria Morlun,0
Lidelse Dedos,Isak Baza,2
Lidelse Dedos,Varja Lagos,0
Lidelse Dedos,Cornelia Lais,1
Lidelse Dedos,Anda Ribera,1
Lidelse Dedos,Bertrand Ovan,0
Lidelse Dedos,Birgitta Frente,6
Lidelse Dedos,Minke Mies,1
Lidelse Dedos,Ada Campo-Corrente,2
Lidelse Dedos,Felix Balas,11
Lidelse Dedos,Carla Forluniau,0
Lidelse Dedos,Lars Azada,19
Lidelse Dedos,Dante Coginian,1
Lidelse Dedos,Felix Resumir,2
Lidelse Dedos,Loreto Bodrogi,1
Lidelse Dedos,Vira Frente,10
Lidelse Dedos,Lucas Alcazar,2
Lidelse Dedos,Varro Awelon,1
Lidelse Dedos,Stenig Fusil,0
Lidelse Dedos,Isia Vann,0
Lidelse Dedos,Irene Nant,1
Lidelse Dedos,Isande Borrasca,11
Lidelse Dedos,Henk Mies,0
Lidelse Dedos,Sten Sanjorge Jr ,0
Lidelse Dedos,Claudio Hawelon,1
Lidelse Dedos,Gustav Cazar,11
Lidelse Dedos,Ruscella Mies Haber,10
Lidelse Dedos,Cecilia Morluniau,0
Lidelse Dedos,Rachel Pantanal,0
Lidelse Dedos,Emile Arpa,1
Lidelse Dedos,Hideki Cocinaro,1
Lidelse Dedos,Brand Tempestad,17
Lidelse Dedos,Adra Nubarron,13
Lidelse Dedos,Inga Ferro,2
Lidelse Dedos,Dylan Scozzese,1
Lidelse Dedos,Orhan Strum,0
Lidelse Dedos,Marin Onda,9
Lidelse Dedos,Lidelse Dedos,28
Lidelse Dedos,Kanon Herrero,1
Lidelse Dedos,Adan Morlun,1
Lidelse Dedos,Albina Hafon,0
Lidelse Dedos,Sven Flecha,0
Lidelse Dedos,Elsa Orilla,15
Lidelse Dedos,Nils Calixto,0
Lidelse Dedos,Edvard Vann,2
Lidelse Dedos,Ingrid Barranco,5
Lidelse Dedos,Kare Orilla,17
Lidelse Dedos,Axel Calzas,14
Kanon Herrero,Willem Vasco-Pais,2
Kanon Herrero,Benito Hawelon,2
Kanon Herrero,Hennie Osvaldo,13
Kanon Herrero,Linda Lagos,1
Kanon Herrero,Mat Bramar,20
Kanon Herrero,Linnea Bergen,3
Kanon Herrero,Valeria Morlun,1
Kanon Herrero,Isak Baza,3
Kanon Herrero,Varja Lagos,10
Kanon Herrero,Cornelia Lais,2
Kanon Herrero,Anda Ribera,2
Kanon Herrero,Bertrand Ovan,1
Kanon Herrero,Birgitta Frente,1
Kanon Herrero,Minke Mies,7
Kanon Herrero,Ada Campo-Corrente,3
Kanon Herrero,Felix Balas,1
Kanon Herrero,Carla Forluniau,1
Kanon Herrero,Lars Azada,3
Kanon Herrero,Dante Coginian,2
Kanon Herrero,Felix Resumir,9
Kanon Herrero,Loreto Bodrogi,6
Kanon Herrero,Vira Frente,1
Kanon Herrero,Lucas Alcazar,3
Kanon Herrero,Varro Awelon,2
Kanon Herrero,Stenig Fusil,8
Kanon Herrero,Isia Vann,3
Kanon Herrero,Irene Nant,3
Kanon Herrero,Isande Borrasca,3
Kanon Herrero,Henk Mies,1
Kanon Herrero,Sten Sanjorge Jr ,1
Kanon Herrero,Claudio Hawelon,2
Kanon Herrero,Gustav Cazar,2
Kanon Herrero,Ruscella Mies Haber,11
Kanon Herrero,Cecilia Morluniau,1
Kanon Herrero,Rachel Pantanal,1
Kanon Herrero,Emile Arpa,2
Kanon Herrero,Hideki Cocinaro,4
Kanon Herrero,Brand Tempestad,1
Kanon Herrero,Adra Nubarron,4
Kanon Herrero,Inga Ferro,10
Kanon Herrero,Dylan Scozzese,2
Kanon Herrero,Orhan Strum,1
Kanon Herrero,Marin Onda,2
Kanon Herrero,Lidelse Dedos,1
Kanon Herrero,Kanon Herrero,14
Kanon Herrero,Adan Morlun,2
Kanon Herrero,Albina Hafon,1
Kanon Herrero,Sven Flecha,1
Kanon Herrero,Elsa Orilla,3
Kanon Herrero,Nils Calixto,6
Kanon Herrero,Edvard Vann,10
Kanon Herrero,Ingrid Barranco,6
Kanon Herrero,Kare Orilla,1
Kanon Herrero,Axel Calzas,3
Adan Morlun,Willem Vasco-Pais,2
Adan Morlun,Benito Hawelon,17
Adan Morlun,Hennie Osvaldo,4
Adan Morlun,Linda Lagos,1
Adan Morlun,Mat Bramar,20
Adan Morlun,Linnea Bergen,3
Adan Morlun,Valeria Morlun,15
Adan Morlun,Isak Baza,3
Adan Morlun,Varja Lagos,1
Adan Morlun,Cornelia Lais,2
Adan Morlun,Anda Ribera,2
Adan Morlun,Bertrand Ovan,27
Adan Morlun,Birgitta Frente,1
Adan Morlun,Minke Mies,2
Adan Morlun,Ada Campo-Corrente,3
Adan Morlun,Felix Balas,1
Adan Morlun,Carla Forluniau,1
Adan Morlun,Lars Azada,3
Adan Morlun,Dante Coginian,19
Adan Morlun,Felix Resumir,3
Adan Morlun,Loreto Bodrogi,2
Adan Morlun,Vira Frente,1
Adan Morlun,Lucas Alcazar,3
Adan Morlun,Varro Awelon,12
Adan Morlun,Stenig Fusil,1
Adan Morlun,Isia Vann,1
Adan Morlun,Irene Nant,19
Adan Morlun,Isande Borrasca,3
Adan Morlun,Henk Mies,31
Adan Morlun,Sten Sanjorge Jr ,1
Adan Morlun,Claudio Hawelon,18
Adan Morlun,Gustav Cazar,2
Adan Morlun,Ruscella Mies Haber,11
Adan Morlun,Cecilia Morluniau,17
Adan Morlun,Rachel Pantanal,1
Adan Morlun,Emile Arpa,14
Adan Morlun,Hideki Cocinaro,2
Adan Morlun,Brand Tempestad,1
Adan Morlun,Adra Nubarron,4
Adan Morlun,Inga Ferro,3
Adan Morlun,Dylan Scozzese,30
Adan Morlun,Orhan Strum,1
Adan Morlun,Marin Onda,2
Adan Morlun,Lidelse Dedos,1
Adan Morlun,Kanon Herrero,2
Adan Morlun,Adan Morlun,30
Adan Morlun,Albina Hafon,22
Adan Morlun,Sven Flecha,1
Adan Morlun,Elsa Orilla,3
Adan Morlun,Nils Calixto,1
Adan Morlun,Edvard Vann,3
Adan Morlun,Ingrid Barranco,6
Adan Morlun,Kare Orilla,1
Adan Morlun,Axel Calzas,3
Albina Hafon,Willem Vasco-Pais,1
Albina Hafon,Benito Hawelon,28
Albina Hafon,Hennie Osvaldo,3
Albina Hafon,Linda Lagos,0
Albina Hafon,Mat Bramar,19
Albina Hafon,Linnea Bergen,2
Albina Hafon,Valeria Morlun,12
Albina Hafon,Isak Baza,2
Albina Hafon,Varja Lagos,0
Albina Hafon,Cornelia Lais,1
Albina Hafon,Anda Ribera,1
Albina Hafon,Bertrand Ovan,29
Albina Hafon,Birgitta Frente,0
Albina Hafon,Minke Mies,1
Albina Hafon,Ada Campo-Corrente,2
Albina Hafon,Felix Balas,0
Albina Hafon,Carla Forluniau,0
Albina Hafon,Lars Azada,2
Albina Hafon,Dante Coginian,13
Albina Hafon,Felix Resumir,2
Albina Hafon,Loreto Bodrogi,1
Albina Hafon,Vira Frente,0
Albina Hafon,Lucas Alcazar,2
Albina Hafon,Varro Awelon,12
Albina Hafon,Stenig Fusil,0
Albina Hafon,Isia Vann,0
Albina Hafon,Irene Nant,19
Albina Hafon,Isande Borrasca,2
Albina Hafon,Henk Mies,31
Albina Hafon,Sten Sanjorge Jr ,0
Albina Hafon,Claudio Hawelon,20
Albina Hafon,Gustav Cazar,1
Albina Hafon,Ruscella Mies Haber,10
Albina Hafon,Cecilia Morluniau,22
Albina Hafon,Rachel Pantanal,3
Albina Hafon,Emile Arpa,11
Albina Hafon,Hideki Cocinaro,1
Albina Hafon,Brand Tempestad,0
Albina Hafon,Adra Nubarron,3
Albina Hafon,Inga Ferro,2
Albina Hafon,Dylan Scozzese,34
Albina Hafon,Orhan Strum,0
Albina Hafon,Marin Onda,1
Albina Hafon,Lidelse Dedos,0
Albina Hafon,Kanon Herrero,1
Albina Hafon,Adan Morlun,22
Albina Hafon,Albina Hafon,38
Albina Hafon,Sven Flecha,0
Albina Hafon,Elsa Orilla,2
Albina Hafon,Nils Calixto,0
Albina Hafon,Edvard Vann,2
Albina Hafon,Ingrid Barranco,5
Albina Hafon,Kare Orilla,0
Albina Hafon,Axel Calzas,2
Sven Flecha,Willem Vasco-Pais,1
Sven Flecha,Benito Hawelon,1
Sven Flecha,Hennie Osvaldo,3
Sven Flecha,Linda Lagos,0
Sven Flecha,Mat Bramar,19
Sven Flecha,Linnea Bergen,2
Sven Flecha,Valeria Morlun,0
Sven Flecha,Isak Baza,57
Sven Flecha,Varja Lagos,0
Sven Flecha,Cornelia Lais,1
Sven Flecha,Anda Ribera,1
Sven Flecha,Bertrand Ovan,0
Sven Flecha,Birgitta Frente,0
Sven Flecha,Minke Mies,1
Sven Flecha,Ada Campo-Corrente,2
Sven Flecha,Felix Balas,0
Sven Flecha,Carla Forluniau,0
Sven Flecha,Lars Azada,2
Sven Flecha,Dante Coginian,1
Sven Flecha,Felix Resumir,2
Sven Flecha,Loreto Bodrogi,1
Sven Flecha,Vira Frente,0
Sven Flecha,Lucas Alcazar,52
Sven Flecha,Varro Awelon,1
Sven Flecha,Stenig Fusil,0
Sven Flecha,Isia Vann,0
Sven Flecha,Irene Nant,1
Sven Flecha,Isande Borrasca,2
Sven Flecha,Henk Mies,0
Sven Flecha,Sten Sanjorge Jr ,0
Sven Flecha,Claudio Hawelon,1
Sven Flecha,Gustav Cazar,1
Sven Flecha,Ruscella Mies Haber,10
Sven Flecha,Cecilia Morluniau,0
Sven Flecha,Rachel Pantanal,0
Sven Flecha,Emile Arpa,1
Sven Flecha,Hideki Cocinaro,1
Sven Flecha,Brand Tempestad,0
Sven Flecha,Adra Nubarron,3
Sven Flecha,Inga Ferro,2
Sven Flecha,Dylan Scozzese,1
Sven Flecha,Orhan Strum,0
Sven Flecha,Marin Onda,1
Sven Flecha,Lidelse Dedos,0
Sven Flecha,Kanon Herrero,1
Sven Flecha,Adan Morlun,1
Sven Flecha,Albina Hafon,0
Sven Flecha,Sven Flecha,80
Sven Flecha,Elsa Orilla,2
Sven Flecha,Nils Calixto,60
Sven Flecha,Edvard Vann,2
Sven Flecha,Ingrid Barranco,5
Sven Flecha,Kare Orilla,0
Sven Flecha,Axel Calzas,2
Elsa Orilla,Willem Vasco-Pais,3
Elsa Orilla,Benito Hawelon,8
Elsa Orilla,Hennie Osvaldo,5
Elsa Orilla,Linda Lagos,2
Elsa Orilla,Mat Bramar,21
Elsa Orilla,Linnea Bergen,4
Elsa Orilla,Valeria Morlun,2
Elsa Orilla,Isak Baza,4
Elsa Orilla,Varja Lagos,2
Elsa Orilla,Cornelia Lais,3
Elsa Orilla,Anda Ribera,3
Elsa Orilla,Bertrand Ovan,2
Elsa Orilla,Birgitta Frente,13
Elsa Orilla,Minke Mies,3
Elsa Orilla,Ada Campo-Corrente,4
Elsa Orilla,Felix Balas,12
Elsa Orilla,Carla Forluniau,2
Elsa Orilla,Lars Azada,21
Elsa Orilla,Dante Coginian,3
Elsa Orilla,Felix Resumir,4
Elsa Orilla,Loreto Bodrogi,3
Elsa Orilla,Vira Frente,16
Elsa Orilla,Lucas Alcazar,4
Elsa Orilla,Varro Awelon,3
Elsa Orilla,Stenig Fusil,2
Elsa Orilla,Isia Vann,2
Elsa Orilla,Irene Nant,3
Elsa Orilla,Isande Borrasca,16
Elsa Orilla,Henk Mies,2
Elsa Orilla,Sten Sanjorge Jr ,2
Elsa Orilla,Claudio Hawelon,3
Elsa Orilla,Gustav Cazar,20
Elsa Orilla,Ruscella Mies Haber,12
Elsa Orilla,Cecilia Morluniau,2
Elsa Orilla,Rachel Pantanal,2
Elsa Orilla,Emile Arpa,3
Elsa Orilla,Hideki Cocinaro,3
Elsa Orilla,Brand Tempestad,19
Elsa Orilla,Adra Nubarron,19
Elsa Orilla,Inga Ferro,4
Elsa Orilla,Dylan Scozzese,3
Elsa Orilla,Orhan Strum,2
Elsa Orilla,Marin Onda,15
Elsa Orilla,Lidelse Dedos,15
Elsa Orilla,Kanon Herrero,3
Elsa Orilla,Adan Morlun,3
Elsa Orilla,Albina Hafon,2
Elsa Orilla,Sven Flecha,2
Elsa Orilla,Elsa Orilla,28
Elsa Orilla,Nils Calixto,2
Elsa Orilla,Edvard Vann,9
Elsa Orilla,Ingrid Barranco,7
Elsa Orilla,Kare Orilla,19
Elsa Orilla,Axel Calzas,21
Nils Calixto,Willem Vasco-Pais,1
Nils Calixto,Benito Hawelon,1
Nils Calixto,Hennie Osvaldo,3
Nils Calixto,Linda Lagos,0
Nils Calixto,Mat Bramar,19
Nils Calixto,Linnea Bergen,2
Nils Calixto,Valeria Morlun,0
Nils Calixto,Isak Baza,49
Nils Calixto,Varja Lagos,0
Nils Calixto,Cornelia Lais,1
Nils Calixto,Anda Ribera,1
Nils Calixto,Bertrand Ovan,0
Nils Calixto,Birgitta Frente,0
Nils Calixto,Minke Mies,5
Nils Calixto,Ada Campo-Corrente,2
Nils Calixto,Felix Balas,0
Nils Calixto,Carla Forluniau,0
Nils Calixto,Lars Azada,2
Nils Calixto,Dante Coginian,1
Nils Calixto,Felix Resumir,2
Nils Calixto,Loreto Bodrogi,1
Nils Calixto,Vira Frente,0
Nils Calixto,Lucas Alcazar,55
Nils Calixto,Varro Awelon,1
Nils Calixto,Stenig Fusil,0
Nils Calixto,Isia Vann,0
Nils Calixto,Irene Nant,1
Nils Calixto,Isande Borrasca,2
Nils Calixto,Henk Mies,0
Nils Calixto,Sten Sanjorge Jr ,0
Nils Calixto,Claudio Hawelon,1
Nils Calixto,Gustav Cazar,1
Nils Calixto,Ruscella Mies Haber,10
Nils Calixto,Cecilia Morluniau,0
Nils Calixto,Rachel Pantanal,0
Nils Calixto,Emile Arpa,1
Nils Calixto,Hideki Cocinaro,1
Nils Calixto,Brand Tempestad,0
Nils Calixto,Adra Nubarron,3
Nils Calixto,Inga Ferro,2
Nils Calixto,Dylan Scozzese,1
Nils Calixto,Orhan Strum,0
Nils Calixto,Marin Onda,1
Nils Calixto,Lidelse Dedos,0
Nils Calixto,Kanon Herrero,6
Nils Calixto,Adan Morlun,1
Nils Calixto,Albina Hafon,0
Nils Calixto,Sven Flecha,60
Nils Calixto,Elsa Orilla,2
Nils Calixto,Nils Calixto,86
Nils Calixto,Edvard Vann,2
Nils Calixto,Ingrid Barranco,5
Nils Calixto,Kare Orilla,0
Nils Calixto,Axel Calzas,7
Edvard Vann,Willem Vasco-Pais,3
Edvard Vann,Benito Hawelon,3
Edvard Vann,Hennie Osvaldo,11
Edvard Vann,Linda Lagos,2
Edvard Vann,Mat Bramar,21
Edvard Vann,Linnea Bergen,4
Edvard Vann,Valeria Morlun,2
Edvard Vann,Isak Baza,4
Edvard Vann,Varja Lagos,6
Edvard Vann,Cornelia Lais,3
Edvard Vann,Anda Ribera,3
Edvard Vann,Bertrand Ovan,2
Edvard Vann,Birgitta Frente,2
Edvard Vann,Minke Mies,7
Edvard Vann,Ada Campo-Corrente,4
Edvard Vann,Felix Balas,2
Edvard Vann,Carla Forluniau,2
Edvard Vann,Lars Azada,4
Edvard Vann,Dante Coginian,3
Edvard Vann,Felix Resumir,11
Edvard Vann,Loreto Bodrogi,7
Edvard Vann,Vira Frente,2
Edvard Vann,Lucas Alcazar,4
Edvard Vann,Varro Awelon,3
Edvard Vann,Stenig Fusil,7
Edvard Vann,Isia Vann,8
Edvard Vann,Irene Nant,3
Edvard Vann,Isande Borrasca,4
Edvard Vann,Henk Mies,4
Edvard Vann,Sten Sanjorge Jr ,2
Edvard Vann,Claudio Hawelon,3
Edvard Vann,Gustav Cazar,3
Edvard Vann,Ruscella Mies Haber,12
Edvard Vann,Cecilia Morluniau,2
Edvard Vann,Rachel Pantanal,2
Edvard Vann,Emile Arpa,3
Edvard Vann,Hideki Cocinaro,8
Edvard Vann,Brand Tempestad,2
Edvard Vann,Adra Nubarron,5
Edvard Vann,Inga Ferro,8
Edvard Vann,Dylan Scozzese,3
Edvard Vann,Orhan Strum,2
Edvard Vann,Marin Onda,3
Edvard Vann,Lidelse Dedos,2
Edvard Vann,Kanon Herrero,10
Edvard Vann,Adan Morlun,3
Edvard Vann,Albina Hafon,2
Edvard Vann,Sven Flecha,2
Edvard Vann,Elsa Orilla,9
Edvard Vann,Nils Calixto,2
Edvard Vann,Edvard Vann,14
Edvard Vann,Ingrid Barranco,7
Edvard Vann,Kare Orilla,2
Edvard Vann,Axel Calzas,4
Ingrid Barranco,Willem Vasco-Pais,13
Ingrid Barranco,Benito Hawelon,6
Ingrid Barranco,Hennie Osvaldo,8
Ingrid Barranco,Linda Lagos,5
Ingrid Barranco,Mat Bramar,24
Ingrid Barranco,Linnea Bergen,7
Ingrid Barranco,Valeria Morlun,5
Ingrid Barranco,Isak Baza,7
Ingrid Barranco,Varja Lagos,5
Ingrid Barranco,Cornelia Lais,6
Ingrid Barranco,Anda Ribera,6
Ingrid Barranco,Bertrand Ovan,5
Ingrid Barranco,Birgitta Frente,5
Ingrid Barranco,Minke Mies,6
Ingrid Barranco,Ada Campo-Corrente,29
Ingrid Barranco,Felix Balas,5
Ingrid Barranco,Carla Forluniau,5
Ingrid Barranco,Lars Azada,7
Ingrid Barranco,Dante Coginian,6
Ingrid Barranco,Felix Resumir,7
Ingrid Barranco,Loreto Bodrogi,11
Ingrid Barranco,Vira Frente,5
Ingrid Barranco,Lucas Alcazar,7
Ingrid Barranco,Varro Awelon,6
Ingrid Barranco,Stenig Fusil,5
Ingrid Barranco,Isia Vann,5
Ingrid Barranco,Irene Nant,6
Ingrid Barranco,Isande Borrasca,7
Ingrid Barranco,Henk Mies,5
Ingrid Barranco,Sten Sanjorge Jr ,19
Ingrid Barranco,Claudio Hawelon,6
Ingrid Barranco,Gustav Cazar,6
Ingrid Barranco,Ruscella Mies Haber,15
Ingrid Barranco,Cecilia Morluniau,8
Ingrid Barranco,Rachel Pantanal,5
Ingrid Barranco,Emile Arpa,6
Ingrid Barranco,Hideki Cocinaro,6
Ingrid Barranco,Brand Tempestad,5
Ingrid Barranco,Adra Nubarron,8
Ingrid Barranco,Inga Ferro,7
Ingrid Barranco,Dylan Scozzese,6
Ingrid Barranco,Orhan Strum,14
Ingrid Barranco,Marin Onda,6
Ingrid Barranco,Lidelse Dedos,5
Ingrid Barranco,Kanon Herrero,6
Ingrid Barranco,Adan Morlun,6
Ingrid Barranco,Albina Hafon,5
Ingrid Barranco,Sven Flecha,5
Ingrid Barranco,Elsa Orilla,7
Ingrid Barranco,Nils Calixto,5
Ingrid Barranco,Edvard Vann,7
Ingrid Barranco,Ingrid Barranco,36
Ingrid Barranco,Kare Orilla,8
Ingrid Barranco,Axel Calzas,7
Kare Orilla,Willem Vasco-Pais,1
Kare Orilla,Benito Hawelon,2
Kare Orilla,Hennie Osvaldo,3
Kare Orilla,Linda Lagos,0
Kare Orilla,Mat Bramar,19
Kare Orilla,Linnea Bergen,2
Kare Orilla,Valeria Morlun,0
Kare Orilla,Isak Baza,2
Kare Orilla,Varja Lagos,0
Kare Orilla,Cornelia Lais,1
Kare Orilla,Anda Ribera,1
Kare Orilla,Bertrand Ovan,0
Kare Orilla,Birgitta Frente,5
Kare Orilla,Minke Mies,1
Kare Orilla,Ada Campo-Corrente,2
Kare Orilla,Felix Balas,10
Kare Orilla,Carla Forluniau,0
Kare Orilla,Lars Azada,10
Kare Orilla,Dante Coginian,1
Kare Orilla,Felix Resumir,2
Kare Orilla,Loreto Bodrogi,1
Kare Orilla,Vira Frente,8
Kare Orilla,Lucas Alcazar,2
Kare Orilla,Varro Awelon,1
Kare Orilla,Stenig Fusil,0
Kare Orilla,Isia Vann,0
Kare Orilla,Irene Nant,1
Kare Orilla,Isande Borrasca,19
Kare Orilla,Henk Mies,0
Kare Orilla,Sten Sanjorge Jr ,0
Kare Orilla,Claudio Hawelon,1
Kare Orilla,Gustav Cazar,8
Kare Orilla,Ruscella Mies Haber,10
Kare Orilla,Cecilia Morluniau,0
Kare Orilla,Rachel Pantanal,0
Kare Orilla,Emile Arpa,1
Kare Orilla,Hideki Cocinaro,1
Kare Orilla,Brand Tempestad,19
Kare Orilla,Adra Nubarron,14
Kare Orilla,Inga Ferro,3
Kare Orilla,Dylan Scozzese,1
Kare Orilla,Orhan Strum,0
Kare Orilla,Marin Onda,13
Kare Orilla,Lidelse Dedos,17
Kare Orilla,Kanon Herrero,1
Kare Orilla,Adan Morlun,1
Kare Orilla,Albina Hafon,0
Kare Orilla,Sven Flecha,0
Kare Orilla,Elsa Orilla,19
Kare Orilla,Nils Calixto,0
Kare Orilla,Edvard Vann,2
Kare Orilla,Ingrid Barranco,8
Kare Orilla,Kare Orilla,18
Kare Orilla,Axel Calzas,13
Axel Calzas,Willem Vasco-Pais,3
Axel Calzas,Benito Hawelon,3
Axel Calzas,Hennie Osvaldo,5
Axel Calzas,Linda Lagos,2
Axel Calzas,Mat Bramar,21
Axel Calzas,Linnea Bergen,5
Axel Calzas,Valeria Morlun,2
Axel Calzas,Isak Baza,4
Axel Calzas,Varja Lagos,5
Axel Calzas,Cornelia Lais,3
Axel Calzas,Anda Ribera,3
Axel Calzas,Bertrand Ovan,2
Axel Calzas,Birgitta Frente,9
Axel Calzas,Minke Mies,3
Axel Calzas,Ada Campo-Corrente,4
Axel Calzas,Felix Balas,13
Axel Calzas,Carla Forluniau,2
Axel Calzas,Lars Azada,26
Axel Calzas,Dante Coginian,3
Axel Calzas,Felix Resumir,4
Axel Calzas,Loreto Bodrogi,3
Axel Calzas,Vira Frente,19
Axel Calzas,Lucas Alcazar,4
Axel Calzas,Varro Awelon,3
Axel Calzas,Stenig Fusil,2
Axel Calzas,Isia Vann,2
Axel Calzas,Irene Nant,3
Axel Calzas,Isande Borrasca,16
Axel Calzas,Henk Mies,2
Axel Calzas,Sten Sanjorge Jr ,2
Axel Calzas,Claudio Hawelon,3
Axel Calzas,Gustav Cazar,15
Axel Calzas,Ruscella Mies Haber,12
Axel Calzas,Cecilia Morluniau,2
Axel Calzas,Rachel Pantanal,2
Axel Calzas,Emile Arpa,3
Axel Calzas,Hideki Cocinaro,3
Axel Calzas,Brand Tempestad,13
Axel Calzas,Adra Nubarron,10
Axel Calzas,Inga Ferro,4
Axel Calzas,Dylan Scozzese,3
Axel Calzas,Orhan Strum,2
Axel Calzas,Marin Onda,8
Axel Calzas,Lidelse Dedos,14
Axel Calzas,Kanon Herrero,3
Axel Calzas,Adan Morlun,3
Axel Calzas,Albina Hafon,2
Axel Calzas,Sven Flecha,2
Axel Calzas,Elsa Orilla,21
Axel Calzas,Nils Calixto,7
Axel Calzas,Edvard Vann,4
Axel Calzas,Ingrid Barranco,7
Axel Calzas,Kare Orilla,13
Axel Calzas,Axel Calzas,30
