Source,Destination,Frequency
willem vasco-pais,willem vasco-pais,0.0
willem vasco-pais,benito hawelon,0.0
willem vasco-pais,hennie osvaldo,0.0
willem vasco-pais,ruscella mies.haber,0.0
willem vasco-pais,mandor vann,0.0
willem vasco-pais,jeroen karel,0.0
willem vasco-pais,mat bramar,0.0
willem vasco-pais,ingrid barranco,0.0
willem vasco-pais,linnea bergen,0.0
willem vasco-pais,valeria morlun,0.0
willem vasco-pais,isak baza,0.0
willem vasco-pais,elian korel,0.0
willem vasco-pais,varja lagos,0.0
willem vasco-pais,cornelia lais,0.0
willem vasco-pais,carmine osvaldo,0.0
willem vasco-pais,joreto katell,0.0
willem vasco-pais,bertrand ovan,0.0
willem vasco-pais,anda ribera,0.0
willem vasco-pais,ada campo-corrente ,0.0
willem vasco-pais,birgitta frente,0.0
willem vasco-pais,minke mies,0.0
willem vasco-pais,ada campo-corrente,0.0
willem vasco-pais,valentine mies,0.0
willem vasco-pais,felix balas,0.0
willem vasco-pais,carla forluniau,0.0
willem vasco-pais,lars azada,0.0
willem vasco-pais,dante coginian,0.0
willem vasco-pais,felix resumir,0.0
willem vasco-pais,loreto bodrogi,0.0
willem vasco-pais,vira frente,0.0
willem vasco-pais,lorenzo di stefano,0.0
willem vasco-pais,lucas alcazar,0.0
willem vasco-pais,varro awelon,0.0
willem vasco-pais,yanick calo,0.0
willem vasco-pais,stenig fusil,0.0
willem vasco-pais,ale i. hanne,0.0
willem vasco-pais,isia vann,0.0
willem vasco-pais,irene nant,0.0
willem vasco-pais,isande borrasca,0.0
willem vasco-pais,lucio jakab,0.0
willem vasco-pais,henk bodrogi,0.0
willem vasco-pais,henk mies,0.0
willem vasco-pais,sten sanjorge jr ,0.0
willem vasco-pais,claudio hawelon,0.0
willem vasco-pais,gustav cazar,0.0
willem vasco-pais,ruscella mies haber,0.0
willem vasco-pais,cecilia morluniau,0.0
willem vasco-pais,rachel pantanal,0.0
willem vasco-pais,emile arpa,0.0
willem vasco-pais,hideki cocinaro,0.0
willem vasco-pais,brand tempestad,0.0
willem vasco-pais,adra nubarron,0.0
willem vasco-pais,inga ferro,0.0
willem vasco-pais,dylan scozzese,0.0
willem vasco-pais,orhan strum,0.0
willem vasco-pais,marin onda,0.0
willem vasco-pais,lidelse dedos,0.0
willem vasco-pais,silvia marek,0.0
willem vasco-pais,kanon herrero,0.0
willem vasco-pais,adan morlun,0.0
willem vasco-pais,albina hafon,0.0
willem vasco-pais,sven flecha,0.0
willem vasco-pais,elsa orilla,0.0
willem vasco-pais,"sten sanjorge, jr",0.0
willem vasco-pais,nils calixto,0.0
willem vasco-pais,edvard vann,0.0
willem vasco-pais,linda lagos,0.0
willem vasco-pais,kare orilla,0.0
willem vasco-pais,rachel panatal,0.0
willem vasco-pais,axel calzas,0.0
willem vasco-pais,gastech,0.0
willem vasco-pais,pok,0.0
willem vasco-pais,apa,0.0
willem vasco-pais,government,0.0
benito hawelon,benito hawelon,0.0
benito hawelon,hennie osvaldo,0.0
benito hawelon,ruscella mies.haber,0.0
benito hawelon,mandor vann,0.0
benito hawelon,jeroen karel,0.0
benito hawelon,mat bramar,0.0
benito hawelon,ingrid barranco,0.0
benito hawelon,linnea bergen,0.0
benito hawelon,valeria morlun,0.0
benito hawelon,isak baza,0.0
benito hawelon,elian korel,0.0
benito hawelon,varja lagos,0.0
benito hawelon,cornelia lais,0.0
benito hawelon,carmine osvaldo,0.0
benito hawelon,joreto katell,0.0
benito hawelon,bertrand ovan,0.0
benito hawelon,anda ribera,0.0
benito hawelon,ada campo-corrente ,0.0
benito hawelon,birgitta frente,0.0
benito hawelon,minke mies,0.0
benito hawelon,ada campo-corrente,0.0
benito hawelon,valentine mies,0.0
benito hawelon,felix balas,0.0
benito hawelon,carla forluniau,0.0
benito hawelon,lars azada,0.0
benito hawelon,dante coginian,0.0
benito hawelon,felix resumir,0.0
benito hawelon,loreto bodrogi,0.0
benito hawelon,vira frente,0.0
benito hawelon,lorenzo di stefano,0.0
benito hawelon,lucas alcazar,0.0
benito hawelon,varro awelon,0.0
benito hawelon,yanick calo,0.0
benito hawelon,stenig fusil,0.0
benito hawelon,ale i. hanne,0.0
benito hawelon,isia vann,0.0
benito hawelon,irene nant,0.0
benito hawelon,isande borrasca,0.0
benito hawelon,lucio jakab,0.0
benito hawelon,henk bodrogi,0.0
benito hawelon,henk mies,0.0
benito hawelon,sten sanjorge jr ,0.0
benito hawelon,claudio hawelon,0.0
benito hawelon,gustav cazar,0.0
benito hawelon,ruscella mies haber,0.0
benito hawelon,cecilia morluniau,0.0
benito hawelon,rachel pantanal,0.0
benito hawelon,emile arpa,0.0
benito hawelon,hideki cocinaro,0.0
benito hawelon,brand tempestad,0.0
benito hawelon,adra nubarron,0.0
benito hawelon,inga ferro,0.0
benito hawelon,dylan scozzese,0.0
benito hawelon,orhan strum,0.0
benito hawelon,marin onda,0.0
benito hawelon,lidelse dedos,0.0
benito hawelon,silvia marek,0.0
benito hawelon,kanon herrero,0.0
benito hawelon,adan morlun,0.0
benito hawelon,albina hafon,0.0
benito hawelon,sven flecha,0.0
benito hawelon,elsa orilla,0.0
benito hawelon,"sten sanjorge, jr",0.0
benito hawelon,nils calixto,0.0
benito hawelon,edvard vann,0.0
benito hawelon,linda lagos,0.0
benito hawelon,kare orilla,0.0
benito hawelon,rachel panatal,0.0
benito hawelon,axel calzas,0.0
benito hawelon,gastech,0.0
benito hawelon,pok,0.0
benito hawelon,apa,0.0
benito hawelon,government,0.0
hennie osvaldo,hennie osvaldo,0.0
hennie osvaldo,ruscella mies.haber,0.0
hennie osvaldo,mandor vann,0.0
hennie osvaldo,jeroen karel,0.0
hennie osvaldo,mat bramar,0.0
hennie osvaldo,ingrid barranco,0.0
hennie osvaldo,linnea bergen,0.0
hennie osvaldo,valeria morlun,0.0
hennie osvaldo,isak baza,0.0
hennie osvaldo,elian korel,0.0
hennie osvaldo,varja lagos,0.0
hennie osvaldo,cornelia lais,0.0
hennie osvaldo,carmine osvaldo,10.0
hennie osvaldo,joreto katell,0.0
hennie osvaldo,bertrand ovan,0.0
hennie osvaldo,anda ribera,0.0
hennie osvaldo,ada campo-corrente ,0.0
hennie osvaldo,birgitta frente,0.0
hennie osvaldo,minke mies,0.0
hennie osvaldo,ada campo-corrente,0.0
hennie osvaldo,valentine mies,0.0
hennie osvaldo,felix balas,0.0
hennie osvaldo,carla forluniau,0.0
hennie osvaldo,lars azada,0.0
hennie osvaldo,dante coginian,0.0
hennie osvaldo,felix resumir,0.0
hennie osvaldo,loreto bodrogi,5.0
hennie osvaldo,vira frente,0.0
hennie osvaldo,lorenzo di stefano,0.0
hennie osvaldo,lucas alcazar,0.0
hennie osvaldo,varro awelon,0.0
hennie osvaldo,yanick calo,0.0
hennie osvaldo,stenig fusil,0.0
hennie osvaldo,ale i. hanne,0.0
hennie osvaldo,isia vann,0.0
hennie osvaldo,irene nant,0.0
hennie osvaldo,isande borrasca,0.0
hennie osvaldo,lucio jakab,0.0
hennie osvaldo,henk bodrogi,5.0
hennie osvaldo,henk mies,0.0
hennie osvaldo,sten sanjorge jr ,0.0
hennie osvaldo,claudio hawelon,0.0
hennie osvaldo,gustav cazar,0.0
hennie osvaldo,ruscella mies haber,0.0
hennie osvaldo,cecilia morluniau,0.0
hennie osvaldo,rachel pantanal,0.0
hennie osvaldo,emile arpa,0.0
hennie osvaldo,hideki cocinaro,0.0
hennie osvaldo,brand tempestad,0.0
hennie osvaldo,adra nubarron,0.0
hennie osvaldo,inga ferro,0.0
hennie osvaldo,dylan scozzese,0.0
hennie osvaldo,orhan strum,0.0
hennie osvaldo,marin onda,0.0
hennie osvaldo,lidelse dedos,0.0
hennie osvaldo,silvia marek,0.0
hennie osvaldo,kanon herrero,0.0
hennie osvaldo,adan morlun,0.0
hennie osvaldo,albina hafon,0.0
hennie osvaldo,sven flecha,0.0
hennie osvaldo,elsa orilla,0.0
hennie osvaldo,"sten sanjorge, jr",0.0
hennie osvaldo,nils calixto,0.0
hennie osvaldo,edvard vann,0.0
hennie osvaldo,linda lagos,0.0
hennie osvaldo,kare orilla,0.0
hennie osvaldo,rachel panatal,0.0
hennie osvaldo,axel calzas,0.0
hennie osvaldo,gastech,5.0
hennie osvaldo,pok,5.0
hennie osvaldo,apa,0.0
hennie osvaldo,government,0.0
ruscella mies.haber,ruscella mies.haber,0.0
ruscella mies.haber,mandor vann,0.0
ruscella mies.haber,jeroen karel,0.0
ruscella mies.haber,mat bramar,0.0
ruscella mies.haber,ingrid barranco,0.0
ruscella mies.haber,linnea bergen,0.0
ruscella mies.haber,valeria morlun,0.0
ruscella mies.haber,isak baza,0.0
ruscella mies.haber,elian korel,0.0
ruscella mies.haber,varja lagos,0.0
ruscella mies.haber,cornelia lais,0.0
ruscella mies.haber,carmine osvaldo,0.0
ruscella mies.haber,joreto katell,0.0
ruscella mies.haber,bertrand ovan,0.0
ruscella mies.haber,anda ribera,0.0
ruscella mies.haber,ada campo-corrente ,0.0
ruscella mies.haber,birgitta frente,0.0
ruscella mies.haber,minke mies,0.0
ruscella mies.haber,ada campo-corrente,0.0
ruscella mies.haber,valentine mies,0.0
ruscella mies.haber,felix balas,0.0
ruscella mies.haber,carla forluniau,0.0
ruscella mies.haber,lars azada,0.0
ruscella mies.haber,dante coginian,0.0
ruscella mies.haber,felix resumir,0.0
ruscella mies.haber,loreto bodrogi,0.0
ruscella mies.haber,vira frente,0.0
ruscella mies.haber,lorenzo di stefano,0.0
ruscella mies.haber,lucas alcazar,0.0
ruscella mies.haber,varro awelon,0.0
ruscella mies.haber,yanick calo,0.0
ruscella mies.haber,stenig fusil,0.0
ruscella mies.haber,ale i. hanne,0.0
ruscella mies.haber,isia vann,0.0
ruscella mies.haber,irene nant,0.0
ruscella mies.haber,isande borrasca,0.0
ruscella mies.haber,lucio jakab,0.0
ruscella mies.haber,henk bodrogi,0.0
ruscella mies.haber,henk mies,0.0
ruscella mies.haber,sten sanjorge jr ,0.0
ruscella mies.haber,claudio hawelon,0.0
ruscella mies.haber,gustav cazar,0.0
ruscella mies.haber,ruscella mies haber,0.0
ruscella mies.haber,cecilia morluniau,0.0
ruscella mies.haber,rachel pantanal,0.0
ruscella mies.haber,emile arpa,0.0
ruscella mies.haber,hideki cocinaro,0.0
ruscella mies.haber,brand tempestad,0.0
ruscella mies.haber,adra nubarron,0.0
ruscella mies.haber,inga ferro,0.0
ruscella mies.haber,dylan scozzese,0.0
ruscella mies.haber,orhan strum,0.0
ruscella mies.haber,marin onda,0.0
ruscella mies.haber,lidelse dedos,0.0
ruscella mies.haber,silvia marek,0.0
ruscella mies.haber,kanon herrero,0.0
ruscella mies.haber,adan morlun,0.0
ruscella mies.haber,albina hafon,0.0
ruscella mies.haber,sven flecha,0.0
ruscella mies.haber,elsa orilla,0.0
ruscella mies.haber,"sten sanjorge, jr",0.0
ruscella mies.haber,nils calixto,0.0
ruscella mies.haber,edvard vann,0.0
ruscella mies.haber,linda lagos,0.0
ruscella mies.haber,kare orilla,0.0
ruscella mies.haber,rachel panatal,0.0
ruscella mies.haber,axel calzas,0.0
ruscella mies.haber,gastech,0.0
ruscella mies.haber,pok,0.0
ruscella mies.haber,apa,0.0
ruscella mies.haber,government,0.0
mandor vann,mandor vann,0.0
mandor vann,jeroen karel,2.0
mandor vann,mat bramar,0.0
mandor vann,ingrid barranco,0.0
mandor vann,linnea bergen,0.0
mandor vann,valeria morlun,0.0
mandor vann,isak baza,0.0
mandor vann,elian korel,2.0
mandor vann,varja lagos,0.0
mandor vann,cornelia lais,0.0
mandor vann,carmine osvaldo,0.0
mandor vann,joreto katell,0.0
mandor vann,bertrand ovan,0.0
mandor vann,anda ribera,0.0
mandor vann,ada campo-corrente ,0.0
mandor vann,birgitta frente,0.0
mandor vann,minke mies,0.0
mandor vann,ada campo-corrente,0.0
mandor vann,valentine mies,0.0
mandor vann,felix balas,0.0
mandor vann,carla forluniau,0.0
mandor vann,lars azada,0.0
mandor vann,dante coginian,0.0
mandor vann,felix resumir,0.0
mandor vann,loreto bodrogi,0.0
mandor vann,vira frente,0.0
mandor vann,lorenzo di stefano,0.0
mandor vann,lucas alcazar,0.0
mandor vann,varro awelon,0.0
mandor vann,yanick calo,0.0
mandor vann,stenig fusil,0.0
mandor vann,ale i. hanne,0.0
mandor vann,isia vann,23.0
mandor vann,irene nant,0.0
mandor vann,isande borrasca,0.0
mandor vann,lucio jakab,0.0
mandor vann,henk bodrogi,0.0
mandor vann,henk mies,0.0
mandor vann,sten sanjorge jr ,0.0
mandor vann,claudio hawelon,0.0
mandor vann,gustav cazar,0.0
mandor vann,ruscella mies haber,0.0
mandor vann,cecilia morluniau,0.0
mandor vann,rachel pantanal,0.0
mandor vann,emile arpa,0.0
mandor vann,hideki cocinaro,0.0
mandor vann,brand tempestad,0.0
mandor vann,adra nubarron,0.0
mandor vann,inga ferro,0.0
mandor vann,dylan scozzese,0.0
mandor vann,orhan strum,0.0
mandor vann,marin onda,0.0
mandor vann,lidelse dedos,0.0
mandor vann,silvia marek,1.0
mandor vann,kanon herrero,0.0
mandor vann,adan morlun,0.0
mandor vann,albina hafon,0.0
mandor vann,sven flecha,0.0
mandor vann,elsa orilla,0.0
mandor vann,"sten sanjorge, jr",0.0
mandor vann,nils calixto,0.0
mandor vann,edvard vann,23.0
mandor vann,linda lagos,0.0
mandor vann,kare orilla,0.0
mandor vann,rachel panatal,0.0
mandor vann,axel calzas,0.0
mandor vann,gastech,19.0
mandor vann,pok,20.0
mandor vann,apa,0.0
mandor vann,government,0.0
jeroen karel,jeroen karel,0.0
jeroen karel,mat bramar,0.0
jeroen karel,ingrid barranco,0.0
jeroen karel,linnea bergen,0.0
jeroen karel,valeria morlun,0.0
jeroen karel,isak baza,0.0
jeroen karel,elian korel,13.0
jeroen karel,varja lagos,0.0
jeroen karel,cornelia lais,0.0
jeroen karel,carmine osvaldo,0.0
jeroen karel,joreto katell,0.0
jeroen karel,bertrand ovan,0.0
jeroen karel,anda ribera,0.0
jeroen karel,ada campo-corrente ,0.0
jeroen karel,birgitta frente,0.0
jeroen karel,minke mies,0.0
jeroen karel,ada campo-corrente,0.0
jeroen karel,valentine mies,0.0
jeroen karel,felix balas,0.0
jeroen karel,carla forluniau,0.0
jeroen karel,lars azada,0.0
jeroen karel,dante coginian,0.0
jeroen karel,felix resumir,0.0
jeroen karel,loreto bodrogi,0.0
jeroen karel,vira frente,0.0
jeroen karel,lorenzo di stefano,0.0
jeroen karel,lucas alcazar,0.0
jeroen karel,varro awelon,0.0
jeroen karel,yanick calo,0.0
jeroen karel,stenig fusil,0.0
jeroen karel,ale i. hanne,0.0
jeroen karel,isia vann,2.0
jeroen karel,irene nant,0.0
jeroen karel,isande borrasca,0.0
jeroen karel,lucio jakab,0.0
jeroen karel,henk bodrogi,0.0
jeroen karel,henk mies,0.0
jeroen karel,sten sanjorge jr ,4.0
jeroen karel,claudio hawelon,0.0
jeroen karel,gustav cazar,0.0
jeroen karel,ruscella mies haber,0.0
jeroen karel,cecilia morluniau,0.0
jeroen karel,rachel pantanal,0.0
jeroen karel,emile arpa,0.0
jeroen karel,hideki cocinaro,0.0
jeroen karel,brand tempestad,0.0
jeroen karel,adra nubarron,0.0
jeroen karel,inga ferro,0.0
jeroen karel,dylan scozzese,0.0
jeroen karel,orhan strum,0.0
jeroen karel,marin onda,0.0
jeroen karel,lidelse dedos,0.0
jeroen karel,silvia marek,9.0
jeroen karel,kanon herrero,0.0
jeroen karel,adan morlun,0.0
jeroen karel,albina hafon,0.0
jeroen karel,sven flecha,0.0
jeroen karel,elsa orilla,0.0
jeroen karel,"sten sanjorge, jr",0.0
jeroen karel,nils calixto,0.0
jeroen karel,edvard vann,2.0
jeroen karel,linda lagos,0.0
jeroen karel,kare orilla,0.0
jeroen karel,rachel panatal,0.0
jeroen karel,axel calzas,0.0
jeroen karel,gastech,39.0
jeroen karel,pok,69.0
jeroen karel,apa,0.0
jeroen karel,government,3.0
mat bramar,mat bramar,0.0
mat bramar,ingrid barranco,0.0
mat bramar,linnea bergen,0.0
mat bramar,valeria morlun,0.0
mat bramar,isak baza,0.0
mat bramar,elian korel,0.0
mat bramar,varja lagos,0.0
mat bramar,cornelia lais,0.0
mat bramar,carmine osvaldo,0.0
mat bramar,joreto katell,0.0
mat bramar,bertrand ovan,0.0
mat bramar,anda ribera,0.0
mat bramar,ada campo-corrente ,0.0
mat bramar,birgitta frente,0.0
mat bramar,minke mies,0.0
mat bramar,ada campo-corrente,0.0
mat bramar,valentine mies,0.0
mat bramar,felix balas,0.0
mat bramar,carla forluniau,0.0
mat bramar,lars azada,0.0
mat bramar,dante coginian,0.0
mat bramar,felix resumir,0.0
mat bramar,loreto bodrogi,0.0
mat bramar,vira frente,0.0
mat bramar,lorenzo di stefano,0.0
mat bramar,lucas alcazar,0.0
mat bramar,varro awelon,0.0
mat bramar,yanick calo,0.0
mat bramar,stenig fusil,0.0
mat bramar,ale i. hanne,0.0
mat bramar,isia vann,0.0
mat bramar,irene nant,0.0
mat bramar,isande borrasca,0.0
mat bramar,lucio jakab,0.0
mat bramar,henk bodrogi,0.0
mat bramar,henk mies,0.0
mat bramar,sten sanjorge jr ,0.0
mat bramar,claudio hawelon,0.0
mat bramar,gustav cazar,0.0
mat bramar,ruscella mies haber,0.0
mat bramar,cecilia morluniau,0.0
mat bramar,rachel pantanal,0.0
mat bramar,emile arpa,0.0
mat bramar,hideki cocinaro,0.0
mat bramar,brand tempestad,0.0
mat bramar,adra nubarron,0.0
mat bramar,inga ferro,0.0
mat bramar,dylan scozzese,0.0
mat bramar,orhan strum,0.0
mat bramar,marin onda,0.0
mat bramar,lidelse dedos,0.0
mat bramar,silvia marek,0.0
mat bramar,kanon herrero,0.0
mat bramar,adan morlun,0.0
mat bramar,albina hafon,0.0
mat bramar,sven flecha,0.0
mat bramar,elsa orilla,0.0
mat bramar,"sten sanjorge, jr",0.0
mat bramar,nils calixto,0.0
mat bramar,edvard vann,0.0
mat bramar,linda lagos,0.0
mat bramar,kare orilla,0.0
mat bramar,rachel panatal,0.0
mat bramar,axel calzas,0.0
mat bramar,gastech,0.0
mat bramar,pok,0.0
mat bramar,apa,0.0
mat bramar,government,0.0
ingrid barranco,ingrid barranco,0.0
ingrid barranco,linnea bergen,0.0
ingrid barranco,valeria morlun,0.0
ingrid barranco,isak baza,0.0
ingrid barranco,elian korel,0.0
ingrid barranco,varja lagos,0.0
ingrid barranco,cornelia lais,0.0
ingrid barranco,carmine osvaldo,0.0
ingrid barranco,joreto katell,0.0
ingrid barranco,bertrand ovan,0.0
ingrid barranco,anda ribera,0.0
ingrid barranco,ada campo-corrente ,0.0
ingrid barranco,birgitta frente,0.0
ingrid barranco,minke mies,0.0
ingrid barranco,ada campo-corrente,0.0
ingrid barranco,valentine mies,0.0
ingrid barranco,felix balas,0.0
ingrid barranco,carla forluniau,0.0
ingrid barranco,lars azada,0.0
ingrid barranco,dante coginian,0.0
ingrid barranco,felix resumir,0.0
ingrid barranco,loreto bodrogi,0.0
ingrid barranco,vira frente,0.0
ingrid barranco,lorenzo di stefano,0.0
ingrid barranco,lucas alcazar,0.0
ingrid barranco,varro awelon,0.0
ingrid barranco,yanick calo,0.0
ingrid barranco,stenig fusil,0.0
ingrid barranco,ale i. hanne,0.0
ingrid barranco,isia vann,0.0
ingrid barranco,irene nant,0.0
ingrid barranco,isande borrasca,0.0
ingrid barranco,lucio jakab,0.0
ingrid barranco,henk bodrogi,0.0
ingrid barranco,henk mies,0.0
ingrid barranco,sten sanjorge jr ,0.0
ingrid barranco,claudio hawelon,0.0
ingrid barranco,gustav cazar,0.0
ingrid barranco,ruscella mies haber,0.0
ingrid barranco,cecilia morluniau,0.0
ingrid barranco,rachel pantanal,0.0
ingrid barranco,emile arpa,0.0
ingrid barranco,hideki cocinaro,0.0
ingrid barranco,brand tempestad,0.0
ingrid barranco,adra nubarron,0.0
ingrid barranco,inga ferro,0.0
ingrid barranco,dylan scozzese,0.0
ingrid barranco,orhan strum,0.0
ingrid barranco,marin onda,0.0
ingrid barranco,lidelse dedos,0.0
ingrid barranco,silvia marek,0.0
ingrid barranco,kanon herrero,0.0
ingrid barranco,adan morlun,0.0
ingrid barranco,albina hafon,0.0
ingrid barranco,sven flecha,0.0
ingrid barranco,elsa orilla,0.0
ingrid barranco,"sten sanjorge, jr",0.0
ingrid barranco,nils calixto,0.0
ingrid barranco,edvard vann,0.0
ingrid barranco,linda lagos,0.0
ingrid barranco,kare orilla,0.0
ingrid barranco,rachel panatal,0.0
ingrid barranco,axel calzas,0.0
ingrid barranco,gastech,0.0
ingrid barranco,pok,0.0
ingrid barranco,apa,0.0
ingrid barranco,government,0.0
linnea bergen,linnea bergen,0.0
linnea bergen,valeria morlun,0.0
linnea bergen,isak baza,0.0
linnea bergen,elian korel,0.0
linnea bergen,varja lagos,0.0
linnea bergen,cornelia lais,0.0
linnea bergen,carmine osvaldo,0.0
linnea bergen,joreto katell,0.0
linnea bergen,bertrand ovan,0.0
linnea bergen,anda ribera,0.0
linnea bergen,ada campo-corrente ,0.0
linnea bergen,birgitta frente,0.0
linnea bergen,minke mies,0.0
linnea bergen,ada campo-corrente,0.0
linnea bergen,valentine mies,0.0
linnea bergen,felix balas,0.0
linnea bergen,carla forluniau,0.0
linnea bergen,lars azada,0.0
linnea bergen,dante coginian,0.0
linnea bergen,felix resumir,0.0
linnea bergen,loreto bodrogi,0.0
linnea bergen,vira frente,0.0
linnea bergen,lorenzo di stefano,0.0
linnea bergen,lucas alcazar,0.0
linnea bergen,varro awelon,0.0
linnea bergen,yanick calo,0.0
linnea bergen,stenig fusil,0.0
linnea bergen,ale i. hanne,0.0
linnea bergen,isia vann,0.0
linnea bergen,irene nant,0.0
linnea bergen,isande borrasca,0.0
linnea bergen,lucio jakab,0.0
linnea bergen,henk bodrogi,0.0
linnea bergen,henk mies,0.0
linnea bergen,sten sanjorge jr ,0.0
linnea bergen,claudio hawelon,0.0
linnea bergen,gustav cazar,0.0
linnea bergen,ruscella mies haber,0.0
linnea bergen,cecilia morluniau,0.0
linnea bergen,rachel pantanal,0.0
linnea bergen,emile arpa,0.0
linnea bergen,hideki cocinaro,0.0
linnea bergen,brand tempestad,0.0
linnea bergen,adra nubarron,0.0
linnea bergen,inga ferro,0.0
linnea bergen,dylan scozzese,0.0
linnea bergen,orhan strum,0.0
linnea bergen,marin onda,0.0
linnea bergen,lidelse dedos,0.0
linnea bergen,silvia marek,0.0
linnea bergen,kanon herrero,0.0
linnea bergen,adan morlun,0.0
linnea bergen,albina hafon,0.0
linnea bergen,sven flecha,0.0
linnea bergen,elsa orilla,0.0
linnea bergen,"sten sanjorge, jr",0.0
linnea bergen,nils calixto,0.0
linnea bergen,edvard vann,0.0
linnea bergen,linda lagos,0.0
linnea bergen,kare orilla,0.0
linnea bergen,rachel panatal,0.0
linnea bergen,axel calzas,0.0
linnea bergen,gastech,0.0
linnea bergen,pok,0.0
linnea bergen,apa,0.0
linnea bergen,government,0.0
valeria morlun,valeria morlun,0.0
valeria morlun,isak baza,0.0
valeria morlun,elian korel,0.0
valeria morlun,varja lagos,0.0
valeria morlun,cornelia lais,0.0
valeria morlun,carmine osvaldo,4.0
valeria morlun,joreto katell,0.0
valeria morlun,bertrand ovan,0.0
valeria morlun,anda ribera,0.0
valeria morlun,ada campo-corrente ,0.0
valeria morlun,birgitta frente,0.0
valeria morlun,minke mies,0.0
valeria morlun,ada campo-corrente,0.0
valeria morlun,valentine mies,0.0
valeria morlun,felix balas,0.0
valeria morlun,carla forluniau,0.0
valeria morlun,lars azada,0.0
valeria morlun,dante coginian,0.0
valeria morlun,felix resumir,0.0
valeria morlun,loreto bodrogi,0.0
valeria morlun,vira frente,0.0
valeria morlun,lorenzo di stefano,0.0
valeria morlun,lucas alcazar,0.0
valeria morlun,varro awelon,0.0
valeria morlun,yanick calo,0.0
valeria morlun,stenig fusil,0.0
valeria morlun,ale i. hanne,0.0
valeria morlun,isia vann,0.0
valeria morlun,irene nant,0.0
valeria morlun,isande borrasca,0.0
valeria morlun,lucio jakab,0.0
valeria morlun,henk bodrogi,0.0
valeria morlun,henk mies,0.0
valeria morlun,sten sanjorge jr ,0.0
valeria morlun,claudio hawelon,0.0
valeria morlun,gustav cazar,0.0
valeria morlun,ruscella mies haber,0.0
valeria morlun,cecilia morluniau,0.0
valeria morlun,rachel pantanal,0.0
valeria morlun,emile arpa,0.0
valeria morlun,hideki cocinaro,0.0
valeria morlun,brand tempestad,0.0
valeria morlun,adra nubarron,0.0
valeria morlun,inga ferro,0.0
valeria morlun,dylan scozzese,0.0
valeria morlun,orhan strum,0.0
valeria morlun,marin onda,0.0
valeria morlun,lidelse dedos,0.0
valeria morlun,silvia marek,0.0
valeria morlun,kanon herrero,0.0
valeria morlun,adan morlun,0.0
valeria morlun,albina hafon,0.0
valeria morlun,sven flecha,0.0
valeria morlun,elsa orilla,0.0
valeria morlun,"sten sanjorge, jr",0.0
valeria morlun,nils calixto,0.0
valeria morlun,edvard vann,0.0
valeria morlun,linda lagos,0.0
valeria morlun,kare orilla,0.0
valeria morlun,rachel panatal,0.0
valeria morlun,axel calzas,0.0
valeria morlun,gastech,5.0
valeria morlun,pok,0.0
valeria morlun,apa,0.0
valeria morlun,government,0.0
isak baza,isak baza,0.0
isak baza,elian korel,0.0
isak baza,varja lagos,0.0
isak baza,cornelia lais,0.0
isak baza,carmine osvaldo,0.0
isak baza,joreto katell,0.0
isak baza,bertrand ovan,0.0
isak baza,anda ribera,0.0
isak baza,ada campo-corrente ,0.0
isak baza,birgitta frente,0.0
isak baza,minke mies,0.0
isak baza,ada campo-corrente,0.0
isak baza,valentine mies,0.0
isak baza,felix balas,0.0
isak baza,carla forluniau,0.0
isak baza,lars azada,0.0
isak baza,dante coginian,0.0
isak baza,felix resumir,0.0
isak baza,loreto bodrogi,0.0
isak baza,vira frente,0.0
isak baza,lorenzo di stefano,0.0
isak baza,lucas alcazar,0.0
isak baza,varro awelon,0.0
isak baza,yanick calo,0.0
isak baza,stenig fusil,0.0
isak baza,ale i. hanne,0.0
isak baza,isia vann,0.0
isak baza,irene nant,0.0
isak baza,isande borrasca,0.0
isak baza,lucio jakab,0.0
isak baza,henk bodrogi,0.0
isak baza,henk mies,0.0
isak baza,sten sanjorge jr ,0.0
isak baza,claudio hawelon,0.0
isak baza,gustav cazar,0.0
isak baza,ruscella mies haber,0.0
isak baza,cecilia morluniau,0.0
isak baza,rachel pantanal,0.0
isak baza,emile arpa,0.0
isak baza,hideki cocinaro,0.0
isak baza,brand tempestad,0.0
isak baza,adra nubarron,0.0
isak baza,inga ferro,0.0
isak baza,dylan scozzese,0.0
isak baza,orhan strum,0.0
isak baza,marin onda,0.0
isak baza,lidelse dedos,0.0
isak baza,silvia marek,0.0
isak baza,kanon herrero,0.0
isak baza,adan morlun,0.0
isak baza,albina hafon,0.0
isak baza,sven flecha,0.0
isak baza,elsa orilla,0.0
isak baza,"sten sanjorge, jr",0.0
isak baza,nils calixto,0.0
isak baza,edvard vann,0.0
isak baza,linda lagos,0.0
isak baza,kare orilla,0.0
isak baza,rachel panatal,0.0
isak baza,axel calzas,0.0
isak baza,gastech,0.0
isak baza,pok,0.0
isak baza,apa,0.0
isak baza,government,0.0
elian korel,elian korel,0.0
elian korel,varja lagos,0.0
elian korel,cornelia lais,0.0
elian korel,carmine osvaldo,0.0
elian korel,joreto katell,0.0
elian korel,bertrand ovan,0.0
elian korel,anda ribera,0.0
elian korel,ada campo-corrente ,0.0
elian korel,birgitta frente,0.0
elian korel,minke mies,0.0
elian korel,ada campo-corrente,0.0
elian korel,valentine mies,0.0
elian korel,felix balas,0.0
elian korel,carla forluniau,0.0
elian korel,lars azada,0.0
elian korel,dante coginian,0.0
elian korel,felix resumir,0.0
elian korel,loreto bodrogi,0.0
elian korel,vira frente,0.0
elian korel,lorenzo di stefano,0.0
elian korel,lucas alcazar,0.0
elian korel,varro awelon,0.0
elian korel,yanick calo,0.0
elian korel,stenig fusil,0.0
elian korel,ale i. hanne,0.0
elian korel,isia vann,2.0
elian korel,irene nant,0.0
elian korel,isande borrasca,0.0
elian korel,lucio jakab,0.0
elian korel,henk bodrogi,0.0
elian korel,henk mies,0.0
elian korel,sten sanjorge jr ,0.0
elian korel,claudio hawelon,0.0
elian korel,gustav cazar,0.0
elian korel,ruscella mies haber,0.0
elian korel,cecilia morluniau,0.0
elian korel,rachel pantanal,0.0
elian korel,emile arpa,0.0
elian korel,hideki cocinaro,0.0
elian korel,brand tempestad,0.0
elian korel,adra nubarron,0.0
elian korel,inga ferro,0.0
elian korel,dylan scozzese,0.0
elian korel,orhan strum,0.0
elian korel,marin onda,0.0
elian korel,lidelse dedos,0.0
elian korel,silvia marek,2.0
elian korel,kanon herrero,0.0
elian korel,adan morlun,0.0
elian korel,albina hafon,0.0
elian korel,sven flecha,0.0
elian korel,elsa orilla,0.0
elian korel,"sten sanjorge, jr",0.0
elian korel,nils calixto,0.0
elian korel,edvard vann,2.0
elian korel,linda lagos,0.0
elian korel,kare orilla,0.0
elian korel,rachel panatal,0.0
elian korel,axel calzas,0.0
elian korel,gastech,9.0
elian korel,pok,13.0
elian korel,apa,0.0
elian korel,government,0.0
varja lagos,varja lagos,0.0
varja lagos,cornelia lais,0.0
varja lagos,carmine osvaldo,0.0
varja lagos,joreto katell,0.0
varja lagos,bertrand ovan,0.0
varja lagos,anda ribera,0.0
varja lagos,ada campo-corrente ,0.0
varja lagos,birgitta frente,0.0
varja lagos,minke mies,0.0
varja lagos,ada campo-corrente,0.0
varja lagos,valentine mies,0.0
varja lagos,felix balas,0.0
varja lagos,carla forluniau,0.0
varja lagos,lars azada,0.0
varja lagos,dante coginian,0.0
varja lagos,felix resumir,0.0
varja lagos,loreto bodrogi,0.0
varja lagos,vira frente,0.0
varja lagos,lorenzo di stefano,0.0
varja lagos,lucas alcazar,0.0
varja lagos,varro awelon,0.0
varja lagos,yanick calo,0.0
varja lagos,stenig fusil,0.0
varja lagos,ale i. hanne,0.0
varja lagos,isia vann,0.0
varja lagos,irene nant,0.0
varja lagos,isande borrasca,0.0
varja lagos,lucio jakab,0.0
varja lagos,henk bodrogi,0.0
varja lagos,henk mies,0.0
varja lagos,sten sanjorge jr ,0.0
varja lagos,claudio hawelon,0.0
varja lagos,gustav cazar,0.0
varja lagos,ruscella mies haber,0.0
varja lagos,cecilia morluniau,0.0
varja lagos,rachel pantanal,0.0
varja lagos,emile arpa,0.0
varja lagos,hideki cocinaro,0.0
varja lagos,brand tempestad,0.0
varja lagos,adra nubarron,0.0
varja lagos,inga ferro,0.0
varja lagos,dylan scozzese,0.0
varja lagos,orhan strum,0.0
varja lagos,marin onda,0.0
varja lagos,lidelse dedos,0.0
varja lagos,silvia marek,0.0
varja lagos,kanon herrero,0.0
varja lagos,adan morlun,0.0
varja lagos,albina hafon,0.0
varja lagos,sven flecha,0.0
varja lagos,elsa orilla,0.0
varja lagos,"sten sanjorge, jr",0.0
varja lagos,nils calixto,0.0
varja lagos,edvard vann,0.0
varja lagos,linda lagos,0.0
varja lagos,kare orilla,0.0
varja lagos,rachel panatal,0.0
varja lagos,axel calzas,0.0
varja lagos,gastech,0.0
varja lagos,pok,0.0
varja lagos,apa,0.0
varja lagos,government,0.0
cornelia lais,cornelia lais,0.0
cornelia lais,carmine osvaldo,0.0
cornelia lais,joreto katell,0.0
cornelia lais,bertrand ovan,0.0
cornelia lais,anda ribera,0.0
cornelia lais,ada campo-corrente ,0.0
cornelia lais,birgitta frente,0.0
cornelia lais,minke mies,0.0
cornelia lais,ada campo-corrente,0.0
cornelia lais,valentine mies,0.0
cornelia lais,felix balas,0.0
cornelia lais,carla forluniau,0.0
cornelia lais,lars azada,0.0
cornelia lais,dante coginian,0.0
cornelia lais,felix resumir,0.0
cornelia lais,loreto bodrogi,0.0
cornelia lais,vira frente,0.0
cornelia lais,lorenzo di stefano,0.0
cornelia lais,lucas alcazar,0.0
cornelia lais,varro awelon,0.0
cornelia lais,yanick calo,0.0
cornelia lais,stenig fusil,0.0
cornelia lais,ale i. hanne,0.0
cornelia lais,isia vann,0.0
cornelia lais,irene nant,0.0
cornelia lais,isande borrasca,0.0
cornelia lais,lucio jakab,0.0
cornelia lais,henk bodrogi,0.0
cornelia lais,henk mies,0.0
cornelia lais,sten sanjorge jr ,0.0
cornelia lais,claudio hawelon,0.0
cornelia lais,gustav cazar,0.0
cornelia lais,ruscella mies haber,0.0
cornelia lais,cecilia morluniau,0.0
cornelia lais,rachel pantanal,0.0
cornelia lais,emile arpa,0.0
cornelia lais,hideki cocinaro,0.0
cornelia lais,brand tempestad,0.0
cornelia lais,adra nubarron,0.0
cornelia lais,inga ferro,0.0
cornelia lais,dylan scozzese,0.0
cornelia lais,orhan strum,0.0
cornelia lais,marin onda,0.0
cornelia lais,lidelse dedos,0.0
cornelia lais,silvia marek,0.0
cornelia lais,kanon herrero,0.0
cornelia lais,adan morlun,0.0
cornelia lais,albina hafon,0.0
cornelia lais,sven flecha,0.0
cornelia lais,elsa orilla,0.0
cornelia lais,"sten sanjorge, jr",0.0
cornelia lais,nils calixto,0.0
cornelia lais,edvard vann,0.0
cornelia lais,linda lagos,0.0
cornelia lais,kare orilla,0.0
cornelia lais,rachel panatal,0.0
cornelia lais,axel calzas,0.0
cornelia lais,gastech,0.0
cornelia lais,pok,0.0
cornelia lais,apa,0.0
cornelia lais,government,0.0
carmine osvaldo,carmine osvaldo,0.0
carmine osvaldo,joreto katell,0.0
carmine osvaldo,bertrand ovan,0.0
carmine osvaldo,anda ribera,0.0
carmine osvaldo,ada campo-corrente ,0.0
carmine osvaldo,birgitta frente,0.0
carmine osvaldo,minke mies,0.0
carmine osvaldo,ada campo-corrente,0.0
carmine osvaldo,valentine mies,0.0
carmine osvaldo,felix balas,0.0
carmine osvaldo,carla forluniau,0.0
carmine osvaldo,lars azada,0.0
carmine osvaldo,dante coginian,0.0
carmine osvaldo,felix resumir,0.0
carmine osvaldo,loreto bodrogi,5.0
carmine osvaldo,vira frente,0.0
carmine osvaldo,lorenzo di stefano,0.0
carmine osvaldo,lucas alcazar,0.0
carmine osvaldo,varro awelon,0.0
carmine osvaldo,yanick calo,0.0
carmine osvaldo,stenig fusil,0.0
carmine osvaldo,ale i. hanne,0.0
carmine osvaldo,isia vann,0.0
carmine osvaldo,irene nant,0.0
carmine osvaldo,isande borrasca,0.0
carmine osvaldo,lucio jakab,0.0
carmine osvaldo,henk bodrogi,5.0
carmine osvaldo,henk mies,0.0
carmine osvaldo,sten sanjorge jr ,0.0
carmine osvaldo,claudio hawelon,0.0
carmine osvaldo,gustav cazar,0.0
carmine osvaldo,ruscella mies haber,0.0
carmine osvaldo,cecilia morluniau,0.0
carmine osvaldo,rachel pantanal,0.0
carmine osvaldo,emile arpa,0.0
carmine osvaldo,hideki cocinaro,0.0
carmine osvaldo,brand tempestad,0.0
carmine osvaldo,adra nubarron,0.0
carmine osvaldo,inga ferro,0.0
carmine osvaldo,dylan scozzese,0.0
carmine osvaldo,orhan strum,0.0
carmine osvaldo,marin onda,0.0
carmine osvaldo,lidelse dedos,0.0
carmine osvaldo,silvia marek,0.0
carmine osvaldo,kanon herrero,0.0
carmine osvaldo,adan morlun,0.0
carmine osvaldo,albina hafon,0.0
carmine osvaldo,sven flecha,0.0
carmine osvaldo,elsa orilla,0.0
carmine osvaldo,"sten sanjorge, jr",0.0
carmine osvaldo,nils calixto,0.0
carmine osvaldo,edvard vann,0.0
carmine osvaldo,linda lagos,0.0
carmine osvaldo,kare orilla,0.0
carmine osvaldo,rachel panatal,0.0
carmine osvaldo,axel calzas,0.0
carmine osvaldo,gastech,9.0
carmine osvaldo,pok,5.0
carmine osvaldo,apa,0.0
carmine osvaldo,government,0.0
joreto katell,joreto katell,0.0
joreto katell,bertrand ovan,0.0
joreto katell,anda ribera,0.0
joreto katell,ada campo-corrente ,0.0
joreto katell,birgitta frente,0.0
joreto katell,minke mies,0.0
joreto katell,ada campo-corrente,0.0
joreto katell,valentine mies,0.0
joreto katell,felix balas,0.0
joreto katell,carla forluniau,0.0
joreto katell,lars azada,0.0
joreto katell,dante coginian,0.0
joreto katell,felix resumir,0.0
joreto katell,loreto bodrogi,0.0
joreto katell,vira frente,0.0
joreto katell,lorenzo di stefano,0.0
joreto katell,lucas alcazar,0.0
joreto katell,varro awelon,0.0
joreto katell,yanick calo,0.0
joreto katell,stenig fusil,0.0
joreto katell,ale i. hanne,0.0
joreto katell,isia vann,0.0
joreto katell,irene nant,0.0
joreto katell,isande borrasca,0.0
joreto katell,lucio jakab,0.0
joreto katell,henk bodrogi,0.0
joreto katell,henk mies,0.0
joreto katell,sten sanjorge jr ,0.0
joreto katell,claudio hawelon,0.0
joreto katell,gustav cazar,0.0
joreto katell,ruscella mies haber,0.0
joreto katell,cecilia morluniau,0.0
joreto katell,rachel pantanal,0.0
joreto katell,emile arpa,0.0
joreto katell,hideki cocinaro,0.0
joreto katell,brand tempestad,0.0
joreto katell,adra nubarron,0.0
joreto katell,inga ferro,0.0
joreto katell,dylan scozzese,0.0
joreto katell,orhan strum,0.0
joreto katell,marin onda,0.0
joreto katell,lidelse dedos,0.0
joreto katell,silvia marek,0.0
joreto katell,kanon herrero,0.0
joreto katell,adan morlun,0.0
joreto katell,albina hafon,0.0
joreto katell,sven flecha,0.0
joreto katell,elsa orilla,0.0
joreto katell,"sten sanjorge, jr",0.0
joreto katell,nils calixto,0.0
joreto katell,edvard vann,0.0
joreto katell,linda lagos,0.0
joreto katell,kare orilla,0.0
joreto katell,rachel panatal,0.0
joreto katell,axel calzas,0.0
joreto katell,gastech,0.0
joreto katell,pok,0.0
joreto katell,apa,0.0
joreto katell,government,0.0
bertrand ovan,bertrand ovan,0.0
bertrand ovan,anda ribera,0.0
bertrand ovan,ada campo-corrente ,0.0
bertrand ovan,birgitta frente,0.0
bertrand ovan,minke mies,0.0
bertrand ovan,ada campo-corrente,0.0
bertrand ovan,valentine mies,0.0
bertrand ovan,felix balas,0.0
bertrand ovan,carla forluniau,0.0
bertrand ovan,lars azada,0.0
bertrand ovan,dante coginian,0.0
bertrand ovan,felix resumir,0.0
bertrand ovan,loreto bodrogi,0.0
bertrand ovan,vira frente,0.0
bertrand ovan,lorenzo di stefano,0.0
bertrand ovan,lucas alcazar,0.0
bertrand ovan,varro awelon,0.0
bertrand ovan,yanick calo,0.0
bertrand ovan,stenig fusil,0.0
bertrand ovan,ale i. hanne,0.0
bertrand ovan,isia vann,0.0
bertrand ovan,irene nant,0.0
bertrand ovan,isande borrasca,0.0
bertrand ovan,lucio jakab,0.0
bertrand ovan,henk bodrogi,0.0
bertrand ovan,henk mies,0.0
bertrand ovan,sten sanjorge jr ,0.0
bertrand ovan,claudio hawelon,0.0
bertrand ovan,gustav cazar,0.0
bertrand ovan,ruscella mies haber,0.0
bertrand ovan,cecilia morluniau,0.0
bertrand ovan,rachel pantanal,0.0
bertrand ovan,emile arpa,0.0
bertrand ovan,hideki cocinaro,0.0
bertrand ovan,brand tempestad,0.0
bertrand ovan,adra nubarron,0.0
bertrand ovan,inga ferro,0.0
bertrand ovan,dylan scozzese,0.0
bertrand ovan,orhan strum,0.0
bertrand ovan,marin onda,0.0
bertrand ovan,lidelse dedos,0.0
bertrand ovan,silvia marek,0.0
bertrand ovan,kanon herrero,0.0
bertrand ovan,adan morlun,0.0
bertrand ovan,albina hafon,0.0
bertrand ovan,sven flecha,0.0
bertrand ovan,elsa orilla,0.0
bertrand ovan,"sten sanjorge, jr",0.0
bertrand ovan,nils calixto,0.0
bertrand ovan,edvard vann,0.0
bertrand ovan,linda lagos,0.0
bertrand ovan,kare orilla,0.0
bertrand ovan,rachel panatal,0.0
bertrand ovan,axel calzas,0.0
bertrand ovan,gastech,0.0
bertrand ovan,pok,0.0
bertrand ovan,apa,0.0
bertrand ovan,government,0.0
anda ribera,anda ribera,0.0
anda ribera,ada campo-corrente ,0.0
anda ribera,birgitta frente,0.0
anda ribera,minke mies,0.0
anda ribera,ada campo-corrente,0.0
anda ribera,valentine mies,0.0
anda ribera,felix balas,0.0
anda ribera,carla forluniau,0.0
anda ribera,lars azada,0.0
anda ribera,dante coginian,0.0
anda ribera,felix resumir,0.0
anda ribera,loreto bodrogi,0.0
anda ribera,vira frente,0.0
anda ribera,lorenzo di stefano,0.0
anda ribera,lucas alcazar,0.0
anda ribera,varro awelon,0.0
anda ribera,yanick calo,0.0
anda ribera,stenig fusil,0.0
anda ribera,ale i. hanne,0.0
anda ribera,isia vann,0.0
anda ribera,irene nant,0.0
anda ribera,isande borrasca,0.0
anda ribera,lucio jakab,0.0
anda ribera,henk bodrogi,0.0
anda ribera,henk mies,0.0
anda ribera,sten sanjorge jr ,0.0
anda ribera,claudio hawelon,0.0
anda ribera,gustav cazar,0.0
anda ribera,ruscella mies haber,0.0
anda ribera,cecilia morluniau,0.0
anda ribera,rachel pantanal,0.0
anda ribera,emile arpa,0.0
anda ribera,hideki cocinaro,0.0
anda ribera,brand tempestad,0.0
anda ribera,adra nubarron,0.0
anda ribera,inga ferro,0.0
anda ribera,dylan scozzese,0.0
anda ribera,orhan strum,0.0
anda ribera,marin onda,0.0
anda ribera,lidelse dedos,0.0
anda ribera,silvia marek,0.0
anda ribera,kanon herrero,0.0
anda ribera,adan morlun,0.0
anda ribera,albina hafon,0.0
anda ribera,sven flecha,0.0
anda ribera,elsa orilla,0.0
anda ribera,"sten sanjorge, jr",0.0
anda ribera,nils calixto,0.0
anda ribera,edvard vann,0.0
anda ribera,linda lagos,0.0
anda ribera,kare orilla,0.0
anda ribera,rachel panatal,0.0
anda ribera,axel calzas,0.0
anda ribera,gastech,0.0
anda ribera,pok,0.0
anda ribera,apa,0.0
anda ribera,government,0.0
ada campo-corrente ,ada campo-corrente ,0.0
ada campo-corrente ,birgitta frente,0.0
ada campo-corrente ,minke mies,0.0
ada campo-corrente ,ada campo-corrente,0.0
ada campo-corrente ,valentine mies,0.0
ada campo-corrente ,felix balas,0.0
ada campo-corrente ,carla forluniau,0.0
ada campo-corrente ,lars azada,0.0
ada campo-corrente ,dante coginian,0.0
ada campo-corrente ,felix resumir,0.0
ada campo-corrente ,loreto bodrogi,0.0
ada campo-corrente ,vira frente,0.0
ada campo-corrente ,lorenzo di stefano,0.0
ada campo-corrente ,lucas alcazar,0.0
ada campo-corrente ,varro awelon,0.0
ada campo-corrente ,yanick calo,0.0
ada campo-corrente ,stenig fusil,0.0
ada campo-corrente ,ale i. hanne,0.0
ada campo-corrente ,isia vann,0.0
ada campo-corrente ,irene nant,0.0
ada campo-corrente ,isande borrasca,0.0
ada campo-corrente ,lucio jakab,0.0
ada campo-corrente ,henk bodrogi,0.0
ada campo-corrente ,henk mies,0.0
ada campo-corrente ,sten sanjorge jr ,0.0
ada campo-corrente ,claudio hawelon,0.0
ada campo-corrente ,gustav cazar,0.0
ada campo-corrente ,ruscella mies haber,0.0
ada campo-corrente ,cecilia morluniau,0.0
ada campo-corrente ,rachel pantanal,0.0
ada campo-corrente ,emile arpa,0.0
ada campo-corrente ,hideki cocinaro,0.0
ada campo-corrente ,brand tempestad,0.0
ada campo-corrente ,adra nubarron,0.0
ada campo-corrente ,inga ferro,0.0
ada campo-corrente ,dylan scozzese,0.0
ada campo-corrente ,orhan strum,0.0
ada campo-corrente ,marin onda,0.0
ada campo-corrente ,lidelse dedos,0.0
ada campo-corrente ,silvia marek,0.0
ada campo-corrente ,kanon herrero,0.0
ada campo-corrente ,adan morlun,0.0
ada campo-corrente ,albina hafon,0.0
ada campo-corrente ,sven flecha,0.0
ada campo-corrente ,elsa orilla,0.0
ada campo-corrente ,"sten sanjorge, jr",0.0
ada campo-corrente ,nils calixto,0.0
ada campo-corrente ,edvard vann,0.0
ada campo-corrente ,linda lagos,0.0
ada campo-corrente ,kare orilla,0.0
ada campo-corrente ,rachel panatal,0.0
ada campo-corrente ,axel calzas,0.0
ada campo-corrente ,gastech,0.0
ada campo-corrente ,pok,0.0
ada campo-corrente ,apa,0.0
ada campo-corrente ,government,0.0
birgitta frente,birgitta frente,0.0
birgitta frente,minke mies,0.0
birgitta frente,ada campo-corrente,0.0
birgitta frente,valentine mies,0.0
birgitta frente,felix balas,0.0
birgitta frente,carla forluniau,0.0
birgitta frente,lars azada,0.0
birgitta frente,dante coginian,0.0
birgitta frente,felix resumir,0.0
birgitta frente,loreto bodrogi,0.0
birgitta frente,vira frente,0.0
birgitta frente,lorenzo di stefano,0.0
birgitta frente,lucas alcazar,0.0
birgitta frente,varro awelon,0.0
birgitta frente,yanick calo,0.0
birgitta frente,stenig fusil,0.0
birgitta frente,ale i. hanne,0.0
birgitta frente,isia vann,0.0
birgitta frente,irene nant,0.0
birgitta frente,isande borrasca,0.0
birgitta frente,lucio jakab,0.0
birgitta frente,henk bodrogi,0.0
birgitta frente,henk mies,0.0
birgitta frente,sten sanjorge jr ,0.0
birgitta frente,claudio hawelon,0.0
birgitta frente,gustav cazar,0.0
birgitta frente,ruscella mies haber,0.0
birgitta frente,cecilia morluniau,0.0
birgitta frente,rachel pantanal,0.0
birgitta frente,emile arpa,0.0
birgitta frente,hideki cocinaro,0.0
birgitta frente,brand tempestad,0.0
birgitta frente,adra nubarron,0.0
birgitta frente,inga ferro,0.0
birgitta frente,dylan scozzese,0.0
birgitta frente,orhan strum,0.0
birgitta frente,marin onda,0.0
birgitta frente,lidelse dedos,0.0
birgitta frente,silvia marek,0.0
birgitta frente,kanon herrero,0.0
birgitta frente,adan morlun,0.0
birgitta frente,albina hafon,0.0
birgitta frente,sven flecha,0.0
birgitta frente,elsa orilla,0.0
birgitta frente,"sten sanjorge, jr",0.0
birgitta frente,nils calixto,0.0
birgitta frente,edvard vann,0.0
birgitta frente,linda lagos,0.0
birgitta frente,kare orilla,0.0
birgitta frente,rachel panatal,0.0
birgitta frente,axel calzas,0.0
birgitta frente,gastech,0.0
birgitta frente,pok,0.0
birgitta frente,apa,0.0
birgitta frente,government,0.0
minke mies,minke mies,0.0
minke mies,ada campo-corrente,0.0
minke mies,valentine mies,0.0
minke mies,felix balas,0.0
minke mies,carla forluniau,0.0
minke mies,lars azada,0.0
minke mies,dante coginian,0.0
minke mies,felix resumir,0.0
minke mies,loreto bodrogi,0.0
minke mies,vira frente,0.0
minke mies,lorenzo di stefano,0.0
minke mies,lucas alcazar,0.0
minke mies,varro awelon,0.0
minke mies,yanick calo,0.0
minke mies,stenig fusil,0.0
minke mies,ale i. hanne,0.0
minke mies,isia vann,0.0
minke mies,irene nant,0.0
minke mies,isande borrasca,0.0
minke mies,lucio jakab,0.0
minke mies,henk bodrogi,0.0
minke mies,henk mies,0.0
minke mies,sten sanjorge jr ,0.0
minke mies,claudio hawelon,0.0
minke mies,gustav cazar,0.0
minke mies,ruscella mies haber,0.0
minke mies,cecilia morluniau,0.0
minke mies,rachel pantanal,0.0
minke mies,emile arpa,0.0
minke mies,hideki cocinaro,0.0
minke mies,brand tempestad,0.0
minke mies,adra nubarron,0.0
minke mies,inga ferro,0.0
minke mies,dylan scozzese,0.0
minke mies,orhan strum,0.0
minke mies,marin onda,0.0
minke mies,lidelse dedos,0.0
minke mies,silvia marek,0.0
minke mies,kanon herrero,0.0
minke mies,adan morlun,0.0
minke mies,albina hafon,0.0
minke mies,sven flecha,0.0
minke mies,elsa orilla,0.0
minke mies,"sten sanjorge, jr",0.0
minke mies,nils calixto,0.0
minke mies,edvard vann,0.0
minke mies,linda lagos,0.0
minke mies,kare orilla,0.0
minke mies,rachel panatal,0.0
minke mies,axel calzas,0.0
minke mies,gastech,0.0
minke mies,pok,0.0
minke mies,apa,0.0
minke mies,government,0.0
ada campo-corrente,ada campo-corrente,0.0
ada campo-corrente,valentine mies,0.0
ada campo-corrente,felix balas,0.0
ada campo-corrente,carla forluniau,0.0
ada campo-corrente,lars azada,0.0
ada campo-corrente,dante coginian,0.0
ada campo-corrente,felix resumir,0.0
ada campo-corrente,loreto bodrogi,0.0
ada campo-corrente,vira frente,0.0
ada campo-corrente,lorenzo di stefano,0.0
ada campo-corrente,lucas alcazar,0.0
ada campo-corrente,varro awelon,0.0
ada campo-corrente,yanick calo,0.0
ada campo-corrente,stenig fusil,0.0
ada campo-corrente,ale i. hanne,0.0
ada campo-corrente,isia vann,0.0
ada campo-corrente,irene nant,0.0
ada campo-corrente,isande borrasca,0.0
ada campo-corrente,lucio jakab,0.0
ada campo-corrente,henk bodrogi,0.0
ada campo-corrente,henk mies,0.0
ada campo-corrente,sten sanjorge jr ,0.0
ada campo-corrente,claudio hawelon,0.0
ada campo-corrente,gustav cazar,0.0
ada campo-corrente,ruscella mies haber,0.0
ada campo-corrente,cecilia morluniau,0.0
ada campo-corrente,rachel pantanal,0.0
ada campo-corrente,emile arpa,0.0
ada campo-corrente,hideki cocinaro,0.0
ada campo-corrente,brand tempestad,0.0
ada campo-corrente,adra nubarron,0.0
ada campo-corrente,inga ferro,0.0
ada campo-corrente,dylan scozzese,0.0
ada campo-corrente,orhan strum,0.0
ada campo-corrente,marin onda,0.0
ada campo-corrente,lidelse dedos,0.0
ada campo-corrente,silvia marek,0.0
ada campo-corrente,kanon herrero,0.0
ada campo-corrente,adan morlun,0.0
ada campo-corrente,albina hafon,0.0
ada campo-corrente,sven flecha,0.0
ada campo-corrente,elsa orilla,0.0
ada campo-corrente,"sten sanjorge, jr",0.0
ada campo-corrente,nils calixto,0.0
ada campo-corrente,edvard vann,0.0
ada campo-corrente,linda lagos,0.0
ada campo-corrente,kare orilla,0.0
ada campo-corrente,rachel panatal,0.0
ada campo-corrente,axel calzas,0.0
ada campo-corrente,gastech,0.0
ada campo-corrente,pok,0.0
ada campo-corrente,apa,0.0
ada campo-corrente,government,0.0
valentine mies,valentine mies,0.0
valentine mies,felix balas,0.0
valentine mies,carla forluniau,0.0
valentine mies,lars azada,0.0
valentine mies,dante coginian,0.0
valentine mies,felix resumir,0.0
valentine mies,loreto bodrogi,0.0
valentine mies,vira frente,0.0
valentine mies,lorenzo di stefano,0.0
valentine mies,lucas alcazar,0.0
valentine mies,varro awelon,0.0
valentine mies,yanick calo,0.0
valentine mies,stenig fusil,0.0
valentine mies,ale i. hanne,0.0
valentine mies,isia vann,0.0
valentine mies,irene nant,0.0
valentine mies,isande borrasca,0.0
valentine mies,lucio jakab,0.0
valentine mies,henk bodrogi,0.0
valentine mies,henk mies,0.0
valentine mies,sten sanjorge jr ,0.0
valentine mies,claudio hawelon,0.0
valentine mies,gustav cazar,0.0
valentine mies,ruscella mies haber,0.0
valentine mies,cecilia morluniau,0.0
valentine mies,rachel pantanal,0.0
valentine mies,emile arpa,0.0
valentine mies,hideki cocinaro,0.0
valentine mies,brand tempestad,0.0
valentine mies,adra nubarron,0.0
valentine mies,inga ferro,0.0
valentine mies,dylan scozzese,0.0
valentine mies,orhan strum,0.0
valentine mies,marin onda,0.0
valentine mies,lidelse dedos,0.0
valentine mies,silvia marek,0.0
valentine mies,kanon herrero,0.0
valentine mies,adan morlun,0.0
valentine mies,albina hafon,0.0
valentine mies,sven flecha,0.0
valentine mies,elsa orilla,0.0
valentine mies,"sten sanjorge, jr",0.0
valentine mies,nils calixto,0.0
valentine mies,edvard vann,0.0
valentine mies,linda lagos,0.0
valentine mies,kare orilla,0.0
valentine mies,rachel panatal,0.0
valentine mies,axel calzas,0.0
valentine mies,gastech,0.0
valentine mies,pok,0.0
valentine mies,apa,0.0
valentine mies,government,0.0
felix balas,felix balas,0.0
felix balas,carla forluniau,0.0
felix balas,lars azada,0.0
felix balas,dante coginian,0.0
felix balas,felix resumir,0.0
felix balas,loreto bodrogi,0.0
felix balas,vira frente,0.0
felix balas,lorenzo di stefano,0.0
felix balas,lucas alcazar,0.0
felix balas,varro awelon,0.0
felix balas,yanick calo,0.0
felix balas,stenig fusil,0.0
felix balas,ale i. hanne,0.0
felix balas,isia vann,0.0
felix balas,irene nant,0.0
felix balas,isande borrasca,0.0
felix balas,lucio jakab,0.0
felix balas,henk bodrogi,0.0
felix balas,henk mies,0.0
felix balas,sten sanjorge jr ,0.0
felix balas,claudio hawelon,0.0
felix balas,gustav cazar,0.0
felix balas,ruscella mies haber,0.0
felix balas,cecilia morluniau,0.0
felix balas,rachel pantanal,0.0
felix balas,emile arpa,0.0
felix balas,hideki cocinaro,0.0
felix balas,brand tempestad,0.0
felix balas,adra nubarron,0.0
felix balas,inga ferro,0.0
felix balas,dylan scozzese,0.0
felix balas,orhan strum,0.0
felix balas,marin onda,0.0
felix balas,lidelse dedos,0.0
felix balas,silvia marek,0.0
felix balas,kanon herrero,0.0
felix balas,adan morlun,0.0
felix balas,albina hafon,0.0
felix balas,sven flecha,0.0
felix balas,elsa orilla,0.0
felix balas,"sten sanjorge, jr",0.0
felix balas,nils calixto,0.0
felix balas,edvard vann,0.0
felix balas,linda lagos,0.0
felix balas,kare orilla,0.0
felix balas,rachel panatal,0.0
felix balas,axel calzas,0.0
felix balas,gastech,0.0
felix balas,pok,0.0
felix balas,apa,0.0
felix balas,government,0.0
carla forluniau,carla forluniau,0.0
carla forluniau,lars azada,0.0
carla forluniau,dante coginian,0.0
carla forluniau,felix resumir,0.0
carla forluniau,loreto bodrogi,0.0
carla forluniau,vira frente,0.0
carla forluniau,lorenzo di stefano,0.0
carla forluniau,lucas alcazar,0.0
carla forluniau,varro awelon,0.0
carla forluniau,yanick calo,0.0
carla forluniau,stenig fusil,0.0
carla forluniau,ale i. hanne,0.0
carla forluniau,isia vann,0.0
carla forluniau,irene nant,0.0
carla forluniau,isande borrasca,0.0
carla forluniau,lucio jakab,0.0
carla forluniau,henk bodrogi,0.0
carla forluniau,henk mies,0.0
carla forluniau,sten sanjorge jr ,0.0
carla forluniau,claudio hawelon,0.0
carla forluniau,gustav cazar,0.0
carla forluniau,ruscella mies haber,0.0
carla forluniau,cecilia morluniau,0.0
carla forluniau,rachel pantanal,0.0
carla forluniau,emile arpa,0.0
carla forluniau,hideki cocinaro,0.0
carla forluniau,brand tempestad,0.0
carla forluniau,adra nubarron,0.0
carla forluniau,inga ferro,0.0
carla forluniau,dylan scozzese,0.0
carla forluniau,orhan strum,0.0
carla forluniau,marin onda,0.0
carla forluniau,lidelse dedos,0.0
carla forluniau,silvia marek,0.0
carla forluniau,kanon herrero,0.0
carla forluniau,adan morlun,0.0
carla forluniau,albina hafon,0.0
carla forluniau,sven flecha,0.0
carla forluniau,elsa orilla,0.0
carla forluniau,"sten sanjorge, jr",0.0
carla forluniau,nils calixto,0.0
carla forluniau,edvard vann,0.0
carla forluniau,linda lagos,0.0
carla forluniau,kare orilla,0.0
carla forluniau,rachel panatal,0.0
carla forluniau,axel calzas,0.0
carla forluniau,gastech,0.0
carla forluniau,pok,0.0
carla forluniau,apa,0.0
carla forluniau,government,0.0
lars azada,lars azada,0.0
lars azada,dante coginian,0.0
lars azada,felix resumir,0.0
lars azada,loreto bodrogi,0.0
lars azada,vira frente,0.0
lars azada,lorenzo di stefano,0.0
lars azada,lucas alcazar,0.0
lars azada,varro awelon,0.0
lars azada,yanick calo,0.0
lars azada,stenig fusil,0.0
lars azada,ale i. hanne,0.0
lars azada,isia vann,0.0
lars azada,irene nant,0.0
lars azada,isande borrasca,0.0
lars azada,lucio jakab,0.0
lars azada,henk bodrogi,0.0
lars azada,henk mies,0.0
lars azada,sten sanjorge jr ,0.0
lars azada,claudio hawelon,0.0
lars azada,gustav cazar,0.0
lars azada,ruscella mies haber,0.0
lars azada,cecilia morluniau,0.0
lars azada,rachel pantanal,0.0
lars azada,emile arpa,0.0
lars azada,hideki cocinaro,0.0
lars azada,brand tempestad,0.0
lars azada,adra nubarron,0.0
lars azada,inga ferro,0.0
lars azada,dylan scozzese,0.0
lars azada,orhan strum,0.0
lars azada,marin onda,0.0
lars azada,lidelse dedos,0.0
lars azada,silvia marek,0.0
lars azada,kanon herrero,0.0
lars azada,adan morlun,0.0
lars azada,albina hafon,0.0
lars azada,sven flecha,0.0
lars azada,elsa orilla,0.0
lars azada,"sten sanjorge, jr",0.0
lars azada,nils calixto,0.0
lars azada,edvard vann,0.0
lars azada,linda lagos,0.0
lars azada,kare orilla,0.0
lars azada,rachel panatal,0.0
lars azada,axel calzas,0.0
lars azada,gastech,0.0
lars azada,pok,0.0
lars azada,apa,0.0
lars azada,government,0.0
dante coginian,dante coginian,0.0
dante coginian,felix resumir,0.0
dante coginian,loreto bodrogi,0.0
dante coginian,vira frente,0.0
dante coginian,lorenzo di stefano,0.0
dante coginian,lucas alcazar,0.0
dante coginian,varro awelon,0.0
dante coginian,yanick calo,0.0
dante coginian,stenig fusil,0.0
dante coginian,ale i. hanne,0.0
dante coginian,isia vann,0.0
dante coginian,irene nant,0.0
dante coginian,isande borrasca,0.0
dante coginian,lucio jakab,0.0
dante coginian,henk bodrogi,0.0
dante coginian,henk mies,0.0
dante coginian,sten sanjorge jr ,0.0
dante coginian,claudio hawelon,0.0
dante coginian,gustav cazar,0.0
dante coginian,ruscella mies haber,0.0
dante coginian,cecilia morluniau,0.0
dante coginian,rachel pantanal,0.0
dante coginian,emile arpa,0.0
dante coginian,hideki cocinaro,0.0
dante coginian,brand tempestad,0.0
dante coginian,adra nubarron,0.0
dante coginian,inga ferro,0.0
dante coginian,dylan scozzese,0.0
dante coginian,orhan strum,0.0
dante coginian,marin onda,0.0
dante coginian,lidelse dedos,0.0
dante coginian,silvia marek,0.0
dante coginian,kanon herrero,0.0
dante coginian,adan morlun,0.0
dante coginian,albina hafon,0.0
dante coginian,sven flecha,0.0
dante coginian,elsa orilla,0.0
dante coginian,"sten sanjorge, jr",0.0
dante coginian,nils calixto,0.0
dante coginian,edvard vann,0.0
dante coginian,linda lagos,0.0
dante coginian,kare orilla,0.0
dante coginian,rachel panatal,0.0
dante coginian,axel calzas,0.0
dante coginian,gastech,0.0
dante coginian,pok,0.0
dante coginian,apa,0.0
dante coginian,government,0.0
felix resumir,felix resumir,0.0
felix resumir,loreto bodrogi,0.0
felix resumir,vira frente,0.0
felix resumir,lorenzo di stefano,0.0
felix resumir,lucas alcazar,0.0
felix resumir,varro awelon,0.0
felix resumir,yanick calo,0.0
felix resumir,stenig fusil,0.0
felix resumir,ale i. hanne,0.0
felix resumir,isia vann,0.0
felix resumir,irene nant,0.0
felix resumir,isande borrasca,0.0
felix resumir,lucio jakab,0.0
felix resumir,henk bodrogi,0.0
felix resumir,henk mies,0.0
felix resumir,sten sanjorge jr ,0.0
felix resumir,claudio hawelon,0.0
felix resumir,gustav cazar,0.0
felix resumir,ruscella mies haber,0.0
felix resumir,cecilia morluniau,0.0
felix resumir,rachel pantanal,0.0
felix resumir,emile arpa,0.0
felix resumir,hideki cocinaro,0.0
felix resumir,brand tempestad,0.0
felix resumir,adra nubarron,0.0
felix resumir,inga ferro,0.0
felix resumir,dylan scozzese,0.0
felix resumir,orhan strum,0.0
felix resumir,marin onda,0.0
felix resumir,lidelse dedos,0.0
felix resumir,silvia marek,0.0
felix resumir,kanon herrero,0.0
felix resumir,adan morlun,0.0
felix resumir,albina hafon,0.0
felix resumir,sven flecha,0.0
felix resumir,elsa orilla,0.0
felix resumir,"sten sanjorge, jr",0.0
felix resumir,nils calixto,0.0
felix resumir,edvard vann,0.0
felix resumir,linda lagos,0.0
felix resumir,kare orilla,0.0
felix resumir,rachel panatal,0.0
felix resumir,axel calzas,0.0
felix resumir,gastech,0.0
felix resumir,pok,0.0
felix resumir,apa,0.0
felix resumir,government,0.0
loreto bodrogi,loreto bodrogi,0.0
loreto bodrogi,vira frente,0.0
loreto bodrogi,lorenzo di stefano,0.0
loreto bodrogi,lucas alcazar,0.0
loreto bodrogi,varro awelon,0.0
loreto bodrogi,yanick calo,0.0
loreto bodrogi,stenig fusil,0.0
loreto bodrogi,ale i. hanne,0.0
loreto bodrogi,isia vann,0.0
loreto bodrogi,irene nant,0.0
loreto bodrogi,isande borrasca,0.0
loreto bodrogi,lucio jakab,0.0
loreto bodrogi,henk bodrogi,14.0
loreto bodrogi,henk mies,0.0
loreto bodrogi,sten sanjorge jr ,4.0
loreto bodrogi,claudio hawelon,0.0
loreto bodrogi,gustav cazar,0.0
loreto bodrogi,ruscella mies haber,0.0
loreto bodrogi,cecilia morluniau,0.0
loreto bodrogi,rachel pantanal,0.0
loreto bodrogi,emile arpa,0.0
loreto bodrogi,hideki cocinaro,0.0
loreto bodrogi,brand tempestad,0.0
loreto bodrogi,adra nubarron,0.0
loreto bodrogi,inga ferro,2.0
loreto bodrogi,dylan scozzese,0.0
loreto bodrogi,orhan strum,0.0
loreto bodrogi,marin onda,0.0
loreto bodrogi,lidelse dedos,0.0
loreto bodrogi,silvia marek,0.0
loreto bodrogi,kanon herrero,0.0
loreto bodrogi,adan morlun,0.0
loreto bodrogi,albina hafon,0.0
loreto bodrogi,sven flecha,0.0
loreto bodrogi,elsa orilla,0.0
loreto bodrogi,"sten sanjorge, jr",1.0
loreto bodrogi,nils calixto,0.0
loreto bodrogi,edvard vann,0.0
loreto bodrogi,linda lagos,0.0
loreto bodrogi,kare orilla,0.0
loreto bodrogi,rachel panatal,0.0
loreto bodrogi,axel calzas,0.0
loreto bodrogi,gastech,10.0
loreto bodrogi,pok,0.0
loreto bodrogi,apa,0.0
loreto bodrogi,government,0.0
vira frente,vira frente,0.0
vira frente,lorenzo di stefano,0.0
vira frente,lucas alcazar,0.0
vira frente,varro awelon,0.0
vira frente,yanick calo,0.0
vira frente,stenig fusil,0.0
vira frente,ale i. hanne,0.0
vira frente,isia vann,0.0
vira frente,irene nant,0.0
vira frente,isande borrasca,0.0
vira frente,lucio jakab,0.0
vira frente,henk bodrogi,0.0
vira frente,henk mies,0.0
vira frente,sten sanjorge jr ,0.0
vira frente,claudio hawelon,0.0
vira frente,gustav cazar,0.0
vira frente,ruscella mies haber,0.0
vira frente,cecilia morluniau,0.0
vira frente,rachel pantanal,0.0
vira frente,emile arpa,0.0
vira frente,hideki cocinaro,0.0
vira frente,brand tempestad,0.0
vira frente,adra nubarron,0.0
vira frente,inga ferro,0.0
vira frente,dylan scozzese,0.0
vira frente,orhan strum,0.0
vira frente,marin onda,0.0
vira frente,lidelse dedos,0.0
vira frente,silvia marek,0.0
vira frente,kanon herrero,0.0
vira frente,adan morlun,0.0
vira frente,albina hafon,0.0
vira frente,sven flecha,0.0
vira frente,elsa orilla,0.0
vira frente,"sten sanjorge, jr",0.0
vira frente,nils calixto,0.0
vira frente,edvard vann,0.0
vira frente,linda lagos,0.0
vira frente,kare orilla,0.0
vira frente,rachel panatal,0.0
vira frente,axel calzas,0.0
vira frente,gastech,0.0
vira frente,pok,0.0
vira frente,apa,0.0
vira frente,government,0.0
lorenzo di stefano,lorenzo di stefano,0.0
lorenzo di stefano,lucas alcazar,0.0
lorenzo di stefano,varro awelon,0.0
lorenzo di stefano,yanick calo,0.0
lorenzo di stefano,stenig fusil,0.0
lorenzo di stefano,ale i. hanne,0.0
lorenzo di stefano,isia vann,0.0
lorenzo di stefano,irene nant,0.0
lorenzo di stefano,isande borrasca,0.0
lorenzo di stefano,lucio jakab,0.0
lorenzo di stefano,henk bodrogi,0.0
lorenzo di stefano,henk mies,0.0
lorenzo di stefano,sten sanjorge jr ,0.0
lorenzo di stefano,claudio hawelon,0.0
lorenzo di stefano,gustav cazar,0.0
lorenzo di stefano,ruscella mies haber,0.0
lorenzo di stefano,cecilia morluniau,0.0
lorenzo di stefano,rachel pantanal,0.0
lorenzo di stefano,emile arpa,0.0
lorenzo di stefano,hideki cocinaro,0.0
lorenzo di stefano,brand tempestad,0.0
lorenzo di stefano,adra nubarron,0.0
lorenzo di stefano,inga ferro,0.0
lorenzo di stefano,dylan scozzese,0.0
lorenzo di stefano,orhan strum,0.0
lorenzo di stefano,marin onda,0.0
lorenzo di stefano,lidelse dedos,0.0
lorenzo di stefano,silvia marek,0.0
lorenzo di stefano,kanon herrero,0.0
lorenzo di stefano,adan morlun,0.0
lorenzo di stefano,albina hafon,0.0
lorenzo di stefano,sven flecha,0.0
lorenzo di stefano,elsa orilla,0.0
lorenzo di stefano,"sten sanjorge, jr",0.0
lorenzo di stefano,nils calixto,0.0
lorenzo di stefano,edvard vann,0.0
lorenzo di stefano,linda lagos,0.0
lorenzo di stefano,kare orilla,0.0
lorenzo di stefano,rachel panatal,0.0
lorenzo di stefano,axel calzas,0.0
lorenzo di stefano,gastech,0.0
lorenzo di stefano,pok,0.0
lorenzo di stefano,apa,0.0
lorenzo di stefano,government,0.0
lucas alcazar,lucas alcazar,0.0
lucas alcazar,varro awelon,0.0
lucas alcazar,yanick calo,0.0
lucas alcazar,stenig fusil,0.0
lucas alcazar,ale i. hanne,0.0
lucas alcazar,isia vann,0.0
lucas alcazar,irene nant,0.0
lucas alcazar,isande borrasca,0.0
lucas alcazar,lucio jakab,0.0
lucas alcazar,henk bodrogi,0.0
lucas alcazar,henk mies,0.0
lucas alcazar,sten sanjorge jr ,0.0
lucas alcazar,claudio hawelon,0.0
lucas alcazar,gustav cazar,0.0
lucas alcazar,ruscella mies haber,0.0
lucas alcazar,cecilia morluniau,0.0
lucas alcazar,rachel pantanal,0.0
lucas alcazar,emile arpa,0.0
lucas alcazar,hideki cocinaro,0.0
lucas alcazar,brand tempestad,0.0
lucas alcazar,adra nubarron,0.0
lucas alcazar,inga ferro,0.0
lucas alcazar,dylan scozzese,0.0
lucas alcazar,orhan strum,0.0
lucas alcazar,marin onda,0.0
lucas alcazar,lidelse dedos,0.0
lucas alcazar,silvia marek,0.0
lucas alcazar,kanon herrero,0.0
lucas alcazar,adan morlun,0.0
lucas alcazar,albina hafon,0.0
lucas alcazar,sven flecha,0.0
lucas alcazar,elsa orilla,0.0
lucas alcazar,"sten sanjorge, jr",0.0
lucas alcazar,nils calixto,0.0
lucas alcazar,edvard vann,0.0
lucas alcazar,linda lagos,0.0
lucas alcazar,kare orilla,0.0
lucas alcazar,rachel panatal,0.0
lucas alcazar,axel calzas,0.0
lucas alcazar,gastech,0.0
lucas alcazar,pok,0.0
lucas alcazar,apa,0.0
lucas alcazar,government,0.0
varro awelon,varro awelon,0.0
varro awelon,yanick calo,0.0
varro awelon,stenig fusil,0.0
varro awelon,ale i. hanne,0.0
varro awelon,isia vann,0.0
varro awelon,irene nant,0.0
varro awelon,isande borrasca,0.0
varro awelon,lucio jakab,0.0
varro awelon,henk bodrogi,0.0
varro awelon,henk mies,0.0
varro awelon,sten sanjorge jr ,0.0
varro awelon,claudio hawelon,0.0
varro awelon,gustav cazar,0.0
varro awelon,ruscella mies haber,0.0
varro awelon,cecilia morluniau,0.0
varro awelon,rachel pantanal,0.0
varro awelon,emile arpa,0.0
varro awelon,hideki cocinaro,0.0
varro awelon,brand tempestad,0.0
varro awelon,adra nubarron,0.0
varro awelon,inga ferro,0.0
varro awelon,dylan scozzese,0.0
varro awelon,orhan strum,0.0
varro awelon,marin onda,0.0
varro awelon,lidelse dedos,0.0
varro awelon,silvia marek,0.0
varro awelon,kanon herrero,0.0
varro awelon,adan morlun,0.0
varro awelon,albina hafon,0.0
varro awelon,sven flecha,0.0
varro awelon,elsa orilla,0.0
varro awelon,"sten sanjorge, jr",0.0
varro awelon,nils calixto,0.0
varro awelon,edvard vann,0.0
varro awelon,linda lagos,0.0
varro awelon,kare orilla,0.0
varro awelon,rachel panatal,0.0
varro awelon,axel calzas,0.0
varro awelon,gastech,0.0
varro awelon,pok,0.0
varro awelon,apa,0.0
varro awelon,government,0.0
yanick calo,yanick calo,0.0
yanick calo,stenig fusil,0.0
yanick calo,ale i. hanne,0.0
yanick calo,isia vann,0.0
yanick calo,irene nant,0.0
yanick calo,isande borrasca,0.0
yanick calo,lucio jakab,0.0
yanick calo,henk bodrogi,0.0
yanick calo,henk mies,0.0
yanick calo,sten sanjorge jr ,0.0
yanick calo,claudio hawelon,0.0
yanick calo,gustav cazar,0.0
yanick calo,ruscella mies haber,0.0
yanick calo,cecilia morluniau,0.0
yanick calo,rachel pantanal,0.0
yanick calo,emile arpa,0.0
yanick calo,hideki cocinaro,0.0
yanick calo,brand tempestad,0.0
yanick calo,adra nubarron,0.0
yanick calo,inga ferro,0.0
yanick calo,dylan scozzese,0.0
yanick calo,orhan strum,0.0
yanick calo,marin onda,0.0
yanick calo,lidelse dedos,0.0
yanick calo,silvia marek,0.0
yanick calo,kanon herrero,0.0
yanick calo,adan morlun,0.0
yanick calo,albina hafon,0.0
yanick calo,sven flecha,0.0
yanick calo,elsa orilla,0.0
yanick calo,"sten sanjorge, jr",0.0
yanick calo,nils calixto,0.0
yanick calo,edvard vann,0.0
yanick calo,linda lagos,0.0
yanick calo,kare orilla,0.0
yanick calo,rachel panatal,0.0
yanick calo,axel calzas,0.0
yanick calo,gastech,0.0
yanick calo,pok,0.0
yanick calo,apa,0.0
yanick calo,government,0.0
stenig fusil,stenig fusil,0.0
stenig fusil,ale i. hanne,0.0
stenig fusil,isia vann,0.0
stenig fusil,irene nant,0.0
stenig fusil,isande borrasca,0.0
stenig fusil,lucio jakab,0.0
stenig fusil,henk bodrogi,0.0
stenig fusil,henk mies,0.0
stenig fusil,sten sanjorge jr ,0.0
stenig fusil,claudio hawelon,0.0
stenig fusil,gustav cazar,0.0
stenig fusil,ruscella mies haber,0.0
stenig fusil,cecilia morluniau,0.0
stenig fusil,rachel pantanal,0.0
stenig fusil,emile arpa,0.0
stenig fusil,hideki cocinaro,0.0
stenig fusil,brand tempestad,0.0
stenig fusil,adra nubarron,0.0
stenig fusil,inga ferro,0.0
stenig fusil,dylan scozzese,0.0
stenig fusil,orhan strum,0.0
stenig fusil,marin onda,0.0
stenig fusil,lidelse dedos,0.0
stenig fusil,silvia marek,0.0
stenig fusil,kanon herrero,0.0
stenig fusil,adan morlun,0.0
stenig fusil,albina hafon,0.0
stenig fusil,sven flecha,0.0
stenig fusil,elsa orilla,0.0
stenig fusil,"sten sanjorge, jr",0.0
stenig fusil,nils calixto,0.0
stenig fusil,edvard vann,0.0
stenig fusil,linda lagos,0.0
stenig fusil,kare orilla,0.0
stenig fusil,rachel panatal,0.0
stenig fusil,axel calzas,0.0
stenig fusil,gastech,0.0
stenig fusil,pok,0.0
stenig fusil,apa,0.0
stenig fusil,government,0.0
ale i. hanne,ale i. hanne,0.0
ale i. hanne,isia vann,0.0
ale i. hanne,irene nant,0.0
ale i. hanne,isande borrasca,0.0
ale i. hanne,lucio jakab,0.0
ale i. hanne,henk bodrogi,0.0
ale i. hanne,henk mies,0.0
ale i. hanne,sten sanjorge jr ,0.0
ale i. hanne,claudio hawelon,0.0
ale i. hanne,gustav cazar,0.0
ale i. hanne,ruscella mies haber,0.0
ale i. hanne,cecilia morluniau,0.0
ale i. hanne,rachel pantanal,0.0
ale i. hanne,emile arpa,0.0
ale i. hanne,hideki cocinaro,0.0
ale i. hanne,brand tempestad,0.0
ale i. hanne,adra nubarron,0.0
ale i. hanne,inga ferro,0.0
ale i. hanne,dylan scozzese,0.0
ale i. hanne,orhan strum,0.0
ale i. hanne,marin onda,0.0
ale i. hanne,lidelse dedos,0.0
ale i. hanne,silvia marek,0.0
ale i. hanne,kanon herrero,0.0
ale i. hanne,adan morlun,0.0
ale i. hanne,albina hafon,0.0
ale i. hanne,sven flecha,0.0
ale i. hanne,elsa orilla,0.0
ale i. hanne,"sten sanjorge, jr",0.0
ale i. hanne,nils calixto,0.0
ale i. hanne,edvard vann,0.0
ale i. hanne,linda lagos,0.0
ale i. hanne,kare orilla,0.0
ale i. hanne,rachel panatal,0.0
ale i. hanne,axel calzas,0.0
ale i. hanne,gastech,0.0
ale i. hanne,pok,0.0
ale i. hanne,apa,0.0
ale i. hanne,government,0.0
isia vann,isia vann,0.0
isia vann,irene nant,0.0
isia vann,isande borrasca,0.0
isia vann,lucio jakab,0.0
isia vann,henk bodrogi,0.0
isia vann,henk mies,0.0
isia vann,sten sanjorge jr ,0.0
isia vann,claudio hawelon,0.0
isia vann,gustav cazar,0.0
isia vann,ruscella mies haber,0.0
isia vann,cecilia morluniau,0.0
isia vann,rachel pantanal,0.0
isia vann,emile arpa,0.0
isia vann,hideki cocinaro,0.0
isia vann,brand tempestad,0.0
isia vann,adra nubarron,0.0
isia vann,inga ferro,0.0
isia vann,dylan scozzese,0.0
isia vann,orhan strum,0.0
isia vann,marin onda,0.0
isia vann,lidelse dedos,0.0
isia vann,silvia marek,1.0
isia vann,kanon herrero,0.0
isia vann,adan morlun,0.0
isia vann,albina hafon,0.0
isia vann,sven flecha,0.0
isia vann,elsa orilla,0.0
isia vann,"sten sanjorge, jr",0.0
isia vann,nils calixto,0.0
isia vann,edvard vann,23.0
isia vann,linda lagos,0.0
isia vann,kare orilla,0.0
isia vann,rachel panatal,0.0
isia vann,axel calzas,0.0
isia vann,gastech,19.0
isia vann,pok,20.0
isia vann,apa,0.0
isia vann,government,0.0
irene nant,irene nant,0.0
irene nant,isande borrasca,0.0
irene nant,lucio jakab,0.0
irene nant,henk bodrogi,0.0
irene nant,henk mies,0.0
irene nant,sten sanjorge jr ,0.0
irene nant,claudio hawelon,0.0
irene nant,gustav cazar,0.0
irene nant,ruscella mies haber,0.0
irene nant,cecilia morluniau,0.0
irene nant,rachel pantanal,0.0
irene nant,emile arpa,0.0
irene nant,hideki cocinaro,0.0
irene nant,brand tempestad,0.0
irene nant,adra nubarron,0.0
irene nant,inga ferro,0.0
irene nant,dylan scozzese,0.0
irene nant,orhan strum,0.0
irene nant,marin onda,0.0
irene nant,lidelse dedos,0.0
irene nant,silvia marek,0.0
irene nant,kanon herrero,0.0
irene nant,adan morlun,0.0
irene nant,albina hafon,0.0
irene nant,sven flecha,0.0
irene nant,elsa orilla,0.0
irene nant,"sten sanjorge, jr",0.0
irene nant,nils calixto,0.0
irene nant,edvard vann,0.0
irene nant,linda lagos,0.0
irene nant,kare orilla,0.0
irene nant,rachel panatal,0.0
irene nant,axel calzas,0.0
irene nant,gastech,0.0
irene nant,pok,0.0
irene nant,apa,0.0
irene nant,government,0.0
isande borrasca,isande borrasca,0.0
isande borrasca,lucio jakab,0.0
isande borrasca,henk bodrogi,0.0
isande borrasca,henk mies,0.0
isande borrasca,sten sanjorge jr ,0.0
isande borrasca,claudio hawelon,0.0
isande borrasca,gustav cazar,0.0
isande borrasca,ruscella mies haber,0.0
isande borrasca,cecilia morluniau,0.0
isande borrasca,rachel pantanal,0.0
isande borrasca,emile arpa,0.0
isande borrasca,hideki cocinaro,0.0
isande borrasca,brand tempestad,0.0
isande borrasca,adra nubarron,0.0
isande borrasca,inga ferro,0.0
isande borrasca,dylan scozzese,0.0
isande borrasca,orhan strum,0.0
isande borrasca,marin onda,0.0
isande borrasca,lidelse dedos,0.0
isande borrasca,silvia marek,0.0
isande borrasca,kanon herrero,0.0
isande borrasca,adan morlun,0.0
isande borrasca,albina hafon,0.0
isande borrasca,sven flecha,0.0
isande borrasca,elsa orilla,0.0
isande borrasca,"sten sanjorge, jr",0.0
isande borrasca,nils calixto,0.0
isande borrasca,edvard vann,0.0
isande borrasca,linda lagos,0.0
isande borrasca,kare orilla,0.0
isande borrasca,rachel panatal,0.0
isande borrasca,axel calzas,0.0
isande borrasca,gastech,0.0
isande borrasca,pok,0.0
isande borrasca,apa,0.0
isande borrasca,government,0.0
lucio jakab,lucio jakab,0.0
lucio jakab,henk bodrogi,0.0
lucio jakab,henk mies,0.0
lucio jakab,sten sanjorge jr ,0.0
lucio jakab,claudio hawelon,0.0
lucio jakab,gustav cazar,0.0
lucio jakab,ruscella mies haber,0.0
lucio jakab,cecilia morluniau,0.0
lucio jakab,rachel pantanal,0.0
lucio jakab,emile arpa,0.0
lucio jakab,hideki cocinaro,0.0
lucio jakab,brand tempestad,0.0
lucio jakab,adra nubarron,0.0
lucio jakab,inga ferro,0.0
lucio jakab,dylan scozzese,0.0
lucio jakab,orhan strum,0.0
lucio jakab,marin onda,0.0
lucio jakab,lidelse dedos,0.0
lucio jakab,silvia marek,0.0
lucio jakab,kanon herrero,0.0
lucio jakab,adan morlun,0.0
lucio jakab,albina hafon,0.0
lucio jakab,sven flecha,0.0
lucio jakab,elsa orilla,0.0
lucio jakab,"sten sanjorge, jr",0.0
lucio jakab,nils calixto,0.0
lucio jakab,edvard vann,0.0
lucio jakab,linda lagos,0.0
lucio jakab,kare orilla,0.0
lucio jakab,rachel panatal,0.0
lucio jakab,axel calzas,0.0
lucio jakab,gastech,0.0
lucio jakab,pok,0.0
lucio jakab,apa,0.0
lucio jakab,government,0.0
henk bodrogi,henk bodrogi,0.0
henk bodrogi,henk mies,3.0
henk bodrogi,sten sanjorge jr ,4.0
henk bodrogi,claudio hawelon,0.0
henk bodrogi,gustav cazar,0.0
henk bodrogi,ruscella mies haber,0.0
henk bodrogi,cecilia morluniau,0.0
henk bodrogi,rachel pantanal,0.0
henk bodrogi,emile arpa,0.0
henk bodrogi,hideki cocinaro,0.0
henk bodrogi,brand tempestad,0.0
henk bodrogi,adra nubarron,0.0
henk bodrogi,inga ferro,2.0
henk bodrogi,dylan scozzese,0.0
henk bodrogi,orhan strum,0.0
henk bodrogi,marin onda,0.0
henk bodrogi,lidelse dedos,0.0
henk bodrogi,silvia marek,0.0
henk bodrogi,kanon herrero,0.0
henk bodrogi,adan morlun,0.0
henk bodrogi,albina hafon,0.0
henk bodrogi,sven flecha,0.0
henk bodrogi,elsa orilla,0.0
henk bodrogi,"sten sanjorge, jr",1.0
henk bodrogi,nils calixto,0.0
henk bodrogi,edvard vann,0.0
henk bodrogi,linda lagos,0.0
henk bodrogi,kare orilla,0.0
henk bodrogi,rachel panatal,0.0
henk bodrogi,axel calzas,0.0
henk bodrogi,gastech,10.0
henk bodrogi,pok,0.0
henk bodrogi,apa,0.0
henk bodrogi,government,0.0
henk mies,henk mies,0.0
henk mies,sten sanjorge jr ,0.0
henk mies,claudio hawelon,0.0
henk mies,gustav cazar,0.0
henk mies,ruscella mies haber,0.0
henk mies,cecilia morluniau,0.0
henk mies,rachel pantanal,0.0
henk mies,emile arpa,0.0
henk mies,hideki cocinaro,0.0
henk mies,brand tempestad,0.0
henk mies,adra nubarron,0.0
henk mies,inga ferro,0.0
henk mies,dylan scozzese,0.0
henk mies,orhan strum,0.0
henk mies,marin onda,0.0
henk mies,lidelse dedos,0.0
henk mies,silvia marek,0.0
henk mies,kanon herrero,0.0
henk mies,adan morlun,0.0
henk mies,albina hafon,0.0
henk mies,sven flecha,0.0
henk mies,elsa orilla,0.0
henk mies,"sten sanjorge, jr",0.0
henk mies,nils calixto,0.0
henk mies,edvard vann,0.0
henk mies,linda lagos,0.0
henk mies,kare orilla,0.0
henk mies,rachel panatal,0.0
henk mies,axel calzas,0.0
henk mies,gastech,0.0
henk mies,pok,0.0
henk mies,apa,0.0
henk mies,government,0.0
sten sanjorge jr ,sten sanjorge jr ,0.0
sten sanjorge jr ,claudio hawelon,0.0
sten sanjorge jr ,gustav cazar,0.0
sten sanjorge jr ,ruscella mies haber,0.0
sten sanjorge jr ,cecilia morluniau,0.0
sten sanjorge jr ,rachel pantanal,0.0
sten sanjorge jr ,emile arpa,0.0
sten sanjorge jr ,hideki cocinaro,0.0
sten sanjorge jr ,brand tempestad,0.0
sten sanjorge jr ,adra nubarron,0.0
sten sanjorge jr ,inga ferro,2.0
sten sanjorge jr ,dylan scozzese,0.0
sten sanjorge jr ,orhan strum,0.0
sten sanjorge jr ,marin onda,0.0
sten sanjorge jr ,lidelse dedos,0.0
sten sanjorge jr ,silvia marek,0.0
sten sanjorge jr ,kanon herrero,0.0
sten sanjorge jr ,adan morlun,0.0
sten sanjorge jr ,albina hafon,0.0
sten sanjorge jr ,sven flecha,0.0
sten sanjorge jr ,elsa orilla,0.0
sten sanjorge jr ,"sten sanjorge, jr",25.0
sten sanjorge jr ,nils calixto,0.0
sten sanjorge jr ,edvard vann,0.0
sten sanjorge jr ,linda lagos,0.0
sten sanjorge jr ,kare orilla,0.0
sten sanjorge jr ,rachel panatal,0.0
sten sanjorge jr ,axel calzas,0.0
sten sanjorge jr ,gastech,65.0
sten sanjorge jr ,pok,8.0
sten sanjorge jr ,apa,0.0
sten sanjorge jr ,government,1.0
claudio hawelon,claudio hawelon,0.0
claudio hawelon,gustav cazar,0.0
claudio hawelon,ruscella mies haber,0.0
claudio hawelon,cecilia morluniau,0.0
claudio hawelon,rachel pantanal,0.0
claudio hawelon,emile arpa,0.0
claudio hawelon,hideki cocinaro,0.0
claudio hawelon,brand tempestad,0.0
claudio hawelon,adra nubarron,0.0
claudio hawelon,inga ferro,0.0
claudio hawelon,dylan scozzese,0.0
claudio hawelon,orhan strum,0.0
claudio hawelon,marin onda,0.0
claudio hawelon,lidelse dedos,0.0
claudio hawelon,silvia marek,0.0
claudio hawelon,kanon herrero,0.0
claudio hawelon,adan morlun,0.0
claudio hawelon,albina hafon,0.0
claudio hawelon,sven flecha,0.0
claudio hawelon,elsa orilla,0.0
claudio hawelon,"sten sanjorge, jr",0.0
claudio hawelon,nils calixto,0.0
claudio hawelon,edvard vann,0.0
claudio hawelon,linda lagos,0.0
claudio hawelon,kare orilla,0.0
claudio hawelon,rachel panatal,0.0
claudio hawelon,axel calzas,0.0
claudio hawelon,gastech,0.0
claudio hawelon,pok,0.0
claudio hawelon,apa,0.0
claudio hawelon,government,0.0
gustav cazar,gustav cazar,0.0
gustav cazar,ruscella mies haber,0.0
gustav cazar,cecilia morluniau,0.0
gustav cazar,rachel pantanal,0.0
gustav cazar,emile arpa,0.0
gustav cazar,hideki cocinaro,0.0
gustav cazar,brand tempestad,0.0
gustav cazar,adra nubarron,0.0
gustav cazar,inga ferro,0.0
gustav cazar,dylan scozzese,0.0
gustav cazar,orhan strum,0.0
gustav cazar,marin onda,0.0
gustav cazar,lidelse dedos,0.0
gustav cazar,silvia marek,0.0
gustav cazar,kanon herrero,0.0
gustav cazar,adan morlun,0.0
gustav cazar,albina hafon,0.0
gustav cazar,sven flecha,0.0
gustav cazar,elsa orilla,0.0
gustav cazar,"sten sanjorge, jr",0.0
gustav cazar,nils calixto,0.0
gustav cazar,edvard vann,0.0
gustav cazar,linda lagos,0.0
gustav cazar,kare orilla,0.0
gustav cazar,rachel panatal,0.0
gustav cazar,axel calzas,0.0
gustav cazar,gastech,0.0
gustav cazar,pok,0.0
gustav cazar,apa,0.0
gustav cazar,government,0.0
ruscella mies haber,ruscella mies haber,0.0
ruscella mies haber,cecilia morluniau,0.0
ruscella mies haber,rachel pantanal,0.0
ruscella mies haber,emile arpa,0.0
ruscella mies haber,hideki cocinaro,0.0
ruscella mies haber,brand tempestad,0.0
ruscella mies haber,adra nubarron,0.0
ruscella mies haber,inga ferro,0.0
ruscella mies haber,dylan scozzese,0.0
ruscella mies haber,orhan strum,0.0
ruscella mies haber,marin onda,0.0
ruscella mies haber,lidelse dedos,0.0
ruscella mies haber,silvia marek,0.0
ruscella mies haber,kanon herrero,0.0
ruscella mies haber,adan morlun,0.0
ruscella mies haber,albina hafon,0.0
ruscella mies haber,sven flecha,0.0
ruscella mies haber,elsa orilla,0.0
ruscella mies haber,"sten sanjorge, jr",0.0
ruscella mies haber,nils calixto,0.0
ruscella mies haber,edvard vann,0.0
ruscella mies haber,linda lagos,0.0
ruscella mies haber,kare orilla,0.0
ruscella mies haber,rachel panatal,0.0
ruscella mies haber,axel calzas,0.0
ruscella mies haber,gastech,0.0
ruscella mies haber,pok,0.0
ruscella mies haber,apa,0.0
ruscella mies haber,government,0.0
cecilia morluniau,cecilia morluniau,0.0
cecilia morluniau,rachel pantanal,0.0
cecilia morluniau,emile arpa,0.0
cecilia morluniau,hideki cocinaro,0.0
cecilia morluniau,brand tempestad,0.0
cecilia morluniau,adra nubarron,0.0
cecilia morluniau,inga ferro,0.0
cecilia morluniau,dylan scozzese,0.0
cecilia morluniau,orhan strum,0.0
cecilia morluniau,marin onda,0.0
cecilia morluniau,lidelse dedos,0.0
cecilia morluniau,silvia marek,0.0
cecilia morluniau,kanon herrero,0.0
cecilia morluniau,adan morlun,0.0
cecilia morluniau,albina hafon,0.0
cecilia morluniau,sven flecha,0.0
cecilia morluniau,elsa orilla,0.0
cecilia morluniau,"sten sanjorge, jr",0.0
cecilia morluniau,nils calixto,0.0
cecilia morluniau,edvard vann,0.0
cecilia morluniau,linda lagos,0.0
cecilia morluniau,kare orilla,0.0
cecilia morluniau,rachel panatal,0.0
cecilia morluniau,axel calzas,0.0
cecilia morluniau,gastech,0.0
cecilia morluniau,pok,0.0
cecilia morluniau,apa,0.0
cecilia morluniau,government,0.0
rachel pantanal,rachel pantanal,0.0
rachel pantanal,emile arpa,0.0
rachel pantanal,hideki cocinaro,0.0
rachel pantanal,brand tempestad,0.0
rachel pantanal,adra nubarron,0.0
rachel pantanal,inga ferro,0.0
rachel pantanal,dylan scozzese,0.0
rachel pantanal,orhan strum,0.0
rachel pantanal,marin onda,0.0
rachel pantanal,lidelse dedos,0.0
rachel pantanal,silvia marek,0.0
rachel pantanal,kanon herrero,0.0
rachel pantanal,adan morlun,0.0
rachel pantanal,albina hafon,0.0
rachel pantanal,sven flecha,0.0
rachel pantanal,elsa orilla,0.0
rachel pantanal,"sten sanjorge, jr",0.0
rachel pantanal,nils calixto,0.0
rachel pantanal,edvard vann,0.0
rachel pantanal,linda lagos,0.0
rachel pantanal,kare orilla,0.0
rachel pantanal,rachel panatal,0.0
rachel pantanal,axel calzas,0.0
rachel pantanal,gastech,0.0
rachel pantanal,pok,0.0
rachel pantanal,apa,0.0
rachel pantanal,government,0.0
emile arpa,emile arpa,0.0
emile arpa,hideki cocinaro,0.0
emile arpa,brand tempestad,0.0
emile arpa,adra nubarron,0.0
emile arpa,inga ferro,0.0
emile arpa,dylan scozzese,0.0
emile arpa,orhan strum,0.0
emile arpa,marin onda,0.0
emile arpa,lidelse dedos,0.0
emile arpa,silvia marek,0.0
emile arpa,kanon herrero,0.0
emile arpa,adan morlun,0.0
emile arpa,albina hafon,0.0
emile arpa,sven flecha,0.0
emile arpa,elsa orilla,0.0
emile arpa,"sten sanjorge, jr",0.0
emile arpa,nils calixto,0.0
emile arpa,edvard vann,0.0
emile arpa,linda lagos,0.0
emile arpa,kare orilla,0.0
emile arpa,rachel panatal,0.0
emile arpa,axel calzas,0.0
emile arpa,gastech,0.0
emile arpa,pok,0.0
emile arpa,apa,0.0
emile arpa,government,0.0
hideki cocinaro,hideki cocinaro,0.0
hideki cocinaro,brand tempestad,0.0
hideki cocinaro,adra nubarron,0.0
hideki cocinaro,inga ferro,0.0
hideki cocinaro,dylan scozzese,0.0
hideki cocinaro,orhan strum,0.0
hideki cocinaro,marin onda,0.0
hideki cocinaro,lidelse dedos,0.0
hideki cocinaro,silvia marek,0.0
hideki cocinaro,kanon herrero,0.0
hideki cocinaro,adan morlun,0.0
hideki cocinaro,albina hafon,0.0
hideki cocinaro,sven flecha,0.0
hideki cocinaro,elsa orilla,0.0
hideki cocinaro,"sten sanjorge, jr",0.0
hideki cocinaro,nils calixto,0.0
hideki cocinaro,edvard vann,0.0
hideki cocinaro,linda lagos,0.0
hideki cocinaro,kare orilla,0.0
hideki cocinaro,rachel panatal,0.0
hideki cocinaro,axel calzas,0.0
hideki cocinaro,gastech,0.0
hideki cocinaro,pok,0.0
hideki cocinaro,apa,0.0
hideki cocinaro,government,0.0
brand tempestad,brand tempestad,0.0
brand tempestad,adra nubarron,0.0
brand tempestad,inga ferro,0.0
brand tempestad,dylan scozzese,0.0
brand tempestad,orhan strum,0.0
brand tempestad,marin onda,0.0
brand tempestad,lidelse dedos,0.0
brand tempestad,silvia marek,0.0
brand tempestad,kanon herrero,0.0
brand tempestad,adan morlun,0.0
brand tempestad,albina hafon,0.0
brand tempestad,sven flecha,0.0
brand tempestad,elsa orilla,0.0
brand tempestad,"sten sanjorge, jr",0.0
brand tempestad,nils calixto,0.0
brand tempestad,edvard vann,0.0
brand tempestad,linda lagos,0.0
brand tempestad,kare orilla,0.0
brand tempestad,rachel panatal,0.0
brand tempestad,axel calzas,0.0
brand tempestad,gastech,0.0
brand tempestad,pok,0.0
brand tempestad,apa,0.0
brand tempestad,government,0.0
adra nubarron,adra nubarron,0.0
adra nubarron,inga ferro,0.0
adra nubarron,dylan scozzese,0.0
adra nubarron,orhan strum,0.0
adra nubarron,marin onda,0.0
adra nubarron,lidelse dedos,0.0
adra nubarron,silvia marek,0.0
adra nubarron,kanon herrero,0.0
adra nubarron,adan morlun,0.0
adra nubarron,albina hafon,0.0
adra nubarron,sven flecha,0.0
adra nubarron,elsa orilla,0.0
adra nubarron,"sten sanjorge, jr",0.0
adra nubarron,nils calixto,0.0
adra nubarron,edvard vann,0.0
adra nubarron,linda lagos,0.0
adra nubarron,kare orilla,0.0
adra nubarron,rachel panatal,0.0
adra nubarron,axel calzas,0.0
adra nubarron,gastech,0.0
adra nubarron,pok,0.0
adra nubarron,apa,0.0
adra nubarron,government,0.0
inga ferro,inga ferro,0.0
inga ferro,dylan scozzese,0.0
inga ferro,orhan strum,0.0
inga ferro,marin onda,0.0
inga ferro,lidelse dedos,0.0
inga ferro,silvia marek,0.0
inga ferro,kanon herrero,0.0
inga ferro,adan morlun,0.0
inga ferro,albina hafon,0.0
inga ferro,sven flecha,0.0
inga ferro,elsa orilla,0.0
inga ferro,"sten sanjorge, jr",1.0
inga ferro,nils calixto,0.0
inga ferro,edvard vann,0.0
inga ferro,linda lagos,0.0
inga ferro,kare orilla,0.0
inga ferro,rachel panatal,0.0
inga ferro,axel calzas,0.0
inga ferro,gastech,2.0
inga ferro,pok,0.0
inga ferro,apa,0.0
inga ferro,government,0.0
dylan scozzese,dylan scozzese,0.0
dylan scozzese,orhan strum,0.0
dylan scozzese,marin onda,0.0
dylan scozzese,lidelse dedos,0.0
dylan scozzese,silvia marek,0.0
dylan scozzese,kanon herrero,0.0
dylan scozzese,adan morlun,0.0
dylan scozzese,albina hafon,0.0
dylan scozzese,sven flecha,0.0
dylan scozzese,elsa orilla,0.0
dylan scozzese,"sten sanjorge, jr",0.0
dylan scozzese,nils calixto,0.0
dylan scozzese,edvard vann,0.0
dylan scozzese,linda lagos,0.0
dylan scozzese,kare orilla,0.0
dylan scozzese,rachel panatal,0.0
dylan scozzese,axel calzas,0.0
dylan scozzese,gastech,0.0
dylan scozzese,pok,0.0
dylan scozzese,apa,0.0
dylan scozzese,government,0.0
orhan strum,orhan strum,0.0
orhan strum,marin onda,0.0
orhan strum,lidelse dedos,0.0
orhan strum,silvia marek,0.0
orhan strum,kanon herrero,0.0
orhan strum,adan morlun,0.0
orhan strum,albina hafon,0.0
orhan strum,sven flecha,0.0
orhan strum,elsa orilla,0.0
orhan strum,"sten sanjorge, jr",0.0
orhan strum,nils calixto,0.0
orhan strum,edvard vann,0.0
orhan strum,linda lagos,0.0
orhan strum,kare orilla,0.0
orhan strum,rachel panatal,0.0
orhan strum,axel calzas,0.0
orhan strum,gastech,1.0
orhan strum,pok,0.0
orhan strum,apa,0.0
orhan strum,government,0.0
marin onda,marin onda,0.0
marin onda,lidelse dedos,0.0
marin onda,silvia marek,0.0
marin onda,kanon herrero,0.0
marin onda,adan morlun,0.0
marin onda,albina hafon,0.0
marin onda,sven flecha,0.0
marin onda,elsa orilla,0.0
marin onda,"sten sanjorge, jr",0.0
marin onda,nils calixto,0.0
marin onda,edvard vann,0.0
marin onda,linda lagos,0.0
marin onda,kare orilla,0.0
marin onda,rachel panatal,0.0
marin onda,axel calzas,0.0
marin onda,gastech,0.0
marin onda,pok,0.0
marin onda,apa,0.0
marin onda,government,0.0
lidelse dedos,lidelse dedos,0.0
lidelse dedos,silvia marek,0.0
lidelse dedos,kanon herrero,0.0
lidelse dedos,adan morlun,0.0
lidelse dedos,albina hafon,0.0
lidelse dedos,sven flecha,0.0
lidelse dedos,elsa orilla,0.0
lidelse dedos,"sten sanjorge, jr",0.0
lidelse dedos,nils calixto,0.0
lidelse dedos,edvard vann,0.0
lidelse dedos,linda lagos,0.0
lidelse dedos,kare orilla,0.0
lidelse dedos,rachel panatal,0.0
lidelse dedos,axel calzas,0.0
lidelse dedos,gastech,0.0
lidelse dedos,pok,0.0
lidelse dedos,apa,0.0
lidelse dedos,government,0.0
silvia marek,silvia marek,0.0
silvia marek,kanon herrero,0.0
silvia marek,adan morlun,0.0
silvia marek,albina hafon,0.0
silvia marek,sven flecha,0.0
silvia marek,elsa orilla,0.0
silvia marek,"sten sanjorge, jr",0.0
silvia marek,nils calixto,0.0
silvia marek,edvard vann,1.0
silvia marek,linda lagos,0.0
silvia marek,kare orilla,0.0
silvia marek,rachel panatal,0.0
silvia marek,axel calzas,0.0
silvia marek,gastech,0.0
silvia marek,pok,9.0
silvia marek,apa,0.0
silvia marek,government,0.0
kanon herrero,kanon herrero,0.0
kanon herrero,adan morlun,0.0
kanon herrero,albina hafon,0.0
kanon herrero,sven flecha,0.0
kanon herrero,elsa orilla,0.0
kanon herrero,"sten sanjorge, jr",0.0
kanon herrero,nils calixto,0.0
kanon herrero,edvard vann,0.0
kanon herrero,linda lagos,0.0
kanon herrero,kare orilla,0.0
kanon herrero,rachel panatal,0.0
kanon herrero,axel calzas,0.0
kanon herrero,gastech,0.0
kanon herrero,pok,0.0
kanon herrero,apa,0.0
kanon herrero,government,0.0
adan morlun,adan morlun,0.0
adan morlun,albina hafon,0.0
adan morlun,sven flecha,0.0
adan morlun,elsa orilla,0.0
adan morlun,"sten sanjorge, jr",0.0
adan morlun,nils calixto,0.0
adan morlun,edvard vann,0.0
adan morlun,linda lagos,0.0
adan morlun,kare orilla,0.0
adan morlun,rachel panatal,0.0
adan morlun,axel calzas,0.0
adan morlun,gastech,0.0
adan morlun,pok,0.0
adan morlun,apa,0.0
adan morlun,government,0.0
albina hafon,albina hafon,0.0
albina hafon,sven flecha,0.0
albina hafon,elsa orilla,0.0
albina hafon,"sten sanjorge, jr",0.0
albina hafon,nils calixto,0.0
albina hafon,edvard vann,0.0
albina hafon,linda lagos,0.0
albina hafon,kare orilla,0.0
albina hafon,rachel panatal,0.0
albina hafon,axel calzas,0.0
albina hafon,gastech,0.0
albina hafon,pok,0.0
albina hafon,apa,0.0
albina hafon,government,0.0
sven flecha,sven flecha,0.0
sven flecha,elsa orilla,0.0
sven flecha,"sten sanjorge, jr",0.0
sven flecha,nils calixto,0.0
sven flecha,edvard vann,0.0
sven flecha,linda lagos,0.0
sven flecha,kare orilla,0.0
sven flecha,rachel panatal,0.0
sven flecha,axel calzas,0.0
sven flecha,gastech,0.0
sven flecha,pok,0.0
sven flecha,apa,0.0
sven flecha,government,0.0
elsa orilla,elsa orilla,0.0
elsa orilla,"sten sanjorge, jr",0.0
elsa orilla,nils calixto,0.0
elsa orilla,edvard vann,0.0
elsa orilla,linda lagos,0.0
elsa orilla,kare orilla,0.0
elsa orilla,rachel panatal,0.0
elsa orilla,axel calzas,0.0
elsa orilla,gastech,0.0
elsa orilla,pok,0.0
elsa orilla,apa,0.0
elsa orilla,government,0.0
"sten sanjorge, jr","sten sanjorge, jr",0.0
"sten sanjorge, jr",nils calixto,0.0
"sten sanjorge, jr",edvard vann,0.0
"sten sanjorge, jr",linda lagos,0.0
"sten sanjorge, jr",kare orilla,0.0
"sten sanjorge, jr",rachel panatal,0.0
"sten sanjorge, jr",axel calzas,0.0
"sten sanjorge, jr",gastech,19.0
"sten sanjorge, jr",pok,0.0
"sten sanjorge, jr",apa,0.0
"sten sanjorge, jr",government,1.0
nils calixto,nils calixto,0.0
nils calixto,edvard vann,0.0
nils calixto,linda lagos,0.0
nils calixto,kare orilla,0.0
nils calixto,rachel panatal,0.0
nils calixto,axel calzas,0.0
nils calixto,gastech,0.0
nils calixto,pok,0.0
nils calixto,apa,0.0
nils calixto,government,0.0
edvard vann,edvard vann,0.0
edvard vann,linda lagos,0.0
edvard vann,kare orilla,0.0
edvard vann,rachel panatal,0.0
edvard vann,axel calzas,0.0
edvard vann,gastech,19.0
edvard vann,pok,20.0
edvard vann,apa,0.0
edvard vann,government,0.0
linda lagos,linda lagos,0.0
linda lagos,kare orilla,0.0
linda lagos,rachel panatal,0.0
linda lagos,axel calzas,0.0
linda lagos,gastech,0.0
linda lagos,pok,0.0
linda lagos,apa,0.0
linda lagos,government,0.0
kare orilla,kare orilla,0.0
kare orilla,rachel panatal,0.0
kare orilla,axel calzas,0.0
kare orilla,gastech,0.0
kare orilla,pok,0.0
kare orilla,apa,0.0
kare orilla,government,0.0
rachel panatal,rachel panatal,0.0
rachel panatal,axel calzas,0.0
rachel panatal,gastech,0.0
rachel panatal,pok,0.0
rachel panatal,apa,0.0
rachel panatal,government,0.0
axel calzas,axel calzas,0.0
axel calzas,gastech,0.0
axel calzas,pok,0.0
axel calzas,apa,0.0
axel calzas,government,0.0
gastech,gastech,0.0
gastech,pok,101.0
gastech,apa,0.0
gastech,government,21.0
pok,pok,0.0
pok,apa,0.0
pok,government,16.0
apa,apa,0.0
apa,government,0.0
government,government,0.0
